suite,case,batch,repetitions,base_ms,prior_ms,current_ms
initial-normalization,sum_weighted_1000_normalize_FALSE,1,4096,,0.00903320312499998,0.00952148437500003
initial-normalization,sum_weighted_1000_normalize_FALSE,2,4096,,0.00952148437499998,0.00952148437499998
initial-normalization,sum_weighted_1000_normalize_FALSE,3,4096,,0.00927734375000001,0.00927734374999995
initial-normalization,sum_weighted_1000_normalize_FALSE,4,4096,,0.00976562500000001,0.00952148437499998
initial-normalization,sum_weighted_1000_normalize_FALSE,5,4096,,0.00952148437499998,0.00927734375000001
initial-normalization,sum_weighted_1000_normalize_FALSE,6,4096,,0.00952148437499998,0.00952148437499998
initial-normalization,sum_weighted_1000_normalize_FALSE,7,4096,,0.00952148437500003,0.011962890625
initial-normalization,sum_weighted_1000_normalize_TRUE,1,4096,,0.012451171875,0.0136718749999999
initial-normalization,sum_weighted_1000_normalize_TRUE,2,4096,,0.012451171875,0.013427734375
initial-normalization,sum_weighted_1000_normalize_TRUE,3,4096,,0.0126953125,0.013427734375
initial-normalization,sum_weighted_1000_normalize_TRUE,4,4096,,0.0126953125,0.013671875
initial-normalization,sum_weighted_1000_normalize_TRUE,5,4096,,0.012451171875,0.0141601562500001
initial-normalization,sum_weighted_1000_normalize_TRUE,6,4096,,0.01318359375,0.013427734375
initial-normalization,sum_weighted_1000_normalize_TRUE,7,4096,,0.012451171875,0.0134277343749999
initial-normalization,mean_weighted_1000_normalize_FALSE,1,4096,,0.00952148437500003,0.010009765625
initial-normalization,mean_weighted_1000_normalize_FALSE,2,4096,,0.00952148437499993,0.00976562500000001
initial-normalization,mean_weighted_1000_normalize_FALSE,3,4096,,0.0102539062500001,0.010009765625
initial-normalization,mean_weighted_1000_normalize_FALSE,4,4096,,0.00952148437500003,0.00976562500000001
initial-normalization,mean_weighted_1000_normalize_FALSE,5,4096,,0.0124511718749999,0.00976562500000001
initial-normalization,mean_weighted_1000_normalize_FALSE,6,4096,,0.00976562500000001,0.00952148437499993
initial-normalization,mean_weighted_1000_normalize_FALSE,7,4096,,0.00952148437500003,0.010009765625
initial-normalization,mean_weighted_1000_normalize_TRUE,1,4096,,0.0119628906250001,0.0131835937499998
initial-normalization,mean_weighted_1000_normalize_TRUE,2,4096,,0.0119628906250001,0.0131835937500001
initial-normalization,mean_weighted_1000_normalize_TRUE,3,4096,,0.0119628906250001,0.012939453125
initial-normalization,mean_weighted_1000_normalize_TRUE,4,4096,,0.012451171875,0.0131835937499998
initial-normalization,mean_weighted_1000_normalize_TRUE,5,4096,,0.0119628906249999,0.0131835937500001
initial-normalization,mean_weighted_1000_normalize_TRUE,6,4096,,0.0119628906250001,0.0126953125000001
initial-normalization,mean_weighted_1000_normalize_TRUE,7,4096,,0.0119628906250001,0.012939453125
initial-normalization,var_weighted_1000_normalize_FALSE,1,4096,,0.0114746093749999,0.0112304687500001
initial-normalization,var_weighted_1000_normalize_FALSE,2,4096,,0.0112304687499998,0.01171875
initial-normalization,var_weighted_1000_normalize_FALSE,3,4096,,0.013671875,0.0119628906249999
initial-normalization,var_weighted_1000_normalize_FALSE,4,4096,,0.0119628906250001,0.01171875
initial-normalization,var_weighted_1000_normalize_FALSE,5,4096,,0.01171875,0.01171875
initial-normalization,var_weighted_1000_normalize_FALSE,6,4096,,0.01171875,0.0114746093749999
initial-normalization,var_weighted_1000_normalize_FALSE,7,4096,,0.0114746093750001,0.0114746093749999
initial-normalization,var_weighted_1000_normalize_TRUE,1,4096,,0.0139160156250001,0.0148925781250002
initial-normalization,var_weighted_1000_normalize_TRUE,2,4096,,0.0139160156250001,0.0151367187499999
initial-normalization,var_weighted_1000_normalize_TRUE,3,4096,,0.0139160156249999,0.0146484374999999
initial-normalization,var_weighted_1000_normalize_TRUE,4,4096,,0.01416015625,0.0146484374999999
initial-normalization,var_weighted_1000_normalize_TRUE,5,4096,,0.0139160156249999,0.015625
initial-normalization,var_weighted_1000_normalize_TRUE,6,4096,,0.014404296875,0.0151367187500001
initial-normalization,var_weighted_1000_normalize_TRUE,7,4096,,0.015625,0.0158691406250001
initial-normalization,sum_weighted_1000000_normalize_FALSE,1,64,,0.562499999999994,0.578124999999999
initial-normalization,sum_weighted_1000000_normalize_FALSE,2,64,,0.59374999999999,0.578124999999999
initial-normalization,sum_weighted_1000000_normalize_FALSE,3,64,,0.562499999999994,0.546874999999988
initial-normalization,sum_weighted_1000000_normalize_FALSE,4,64,,0.562500000000007,0.562500000000007
initial-normalization,sum_weighted_1000000_normalize_FALSE,5,64,,0.578124999999999,0.546875000000002
initial-normalization,sum_weighted_1000000_normalize_FALSE,6,64,,0.531249999999997,0.531249999999997
initial-normalization,sum_weighted_1000000_normalize_FALSE,7,64,,0.59374999999999,0.578124999999999
initial-normalization,sum_weighted_1000000_normalize_TRUE,1,16,,3,3.87500000000007
initial-normalization,sum_weighted_1000000_normalize_TRUE,2,16,,3.06250000000008,3.87499999999996
initial-normalization,sum_weighted_1000000_normalize_TRUE,3,16,,3.06249999999997,3.93750000000004
initial-normalization,sum_weighted_1000000_normalize_TRUE,4,16,,3.06250000000008,3.87499999999996
initial-normalization,sum_weighted_1000000_normalize_TRUE,5,16,,3,3.87500000000007
initial-normalization,sum_weighted_1000000_normalize_TRUE,6,16,,2.93749999999993,3.87499999999996
initial-normalization,sum_weighted_1000000_normalize_TRUE,7,16,,2.93750000000004,3.8125
initial-normalization,mean_weighted_1000000_normalize_FALSE,1,64,,0.515624999999992,0.5
initial-normalization,mean_weighted_1000000_normalize_FALSE,2,64,,0.515624999999992,0.515624999999992
initial-normalization,mean_weighted_1000000_normalize_FALSE,3,64,,0.531250000000011,0.531249999999983
initial-normalization,mean_weighted_1000000_normalize_FALSE,4,64,,0.515624999999992,0.531250000000011
initial-normalization,mean_weighted_1000000_normalize_FALSE,5,64,,0.515624999999992,0.515624999999992
initial-normalization,mean_weighted_1000000_normalize_FALSE,6,64,,0.5,0.51562500000002
initial-normalization,mean_weighted_1000000_normalize_FALSE,7,64,,0.515624999999992,0.515624999999992
initial-normalization,mean_weighted_1000000_normalize_TRUE,1,16,,2.93750000000004,3.8125
initial-normalization,mean_weighted_1000000_normalize_TRUE,2,16,,2.93749999999993,3.81250000000011
initial-normalization,mean_weighted_1000000_normalize_TRUE,3,16,,2.93750000000004,3.8125
initial-normalization,mean_weighted_1000000_normalize_TRUE,4,16,,2.87499999999996,3.75000000000003
initial-normalization,mean_weighted_1000000_normalize_TRUE,5,16,,2.93750000000004,3.8125
initial-normalization,mean_weighted_1000000_normalize_TRUE,6,16,,2.93749999999993,3.8125
initial-normalization,mean_weighted_1000000_normalize_TRUE,7,16,,3,3.75000000000003
initial-normalization,var_weighted_1000000_normalize_FALSE,1,16,,2.50000000000006,2.49999999999995
initial-normalization,var_weighted_1000000_normalize_FALSE,2,16,,2.49999999999995,2.62499999999999
initial-normalization,var_weighted_1000000_normalize_FALSE,3,16,,2.49999999999995,2.56250000000002
initial-normalization,var_weighted_1000000_normalize_FALSE,4,16,,2.56250000000002,2.56250000000002
initial-normalization,var_weighted_1000000_normalize_FALSE,5,16,,2.56250000000002,2.56250000000002
initial-normalization,var_weighted_1000000_normalize_FALSE,6,16,,2.56250000000002,2.49999999999995
initial-normalization,var_weighted_1000000_normalize_FALSE,7,16,,2.56250000000002,2.56250000000002
initial-normalization,var_weighted_1000000_normalize_TRUE,1,8,,4.87499999999996,6
initial-normalization,var_weighted_1000000_normalize_TRUE,2,8,,4.99999999999989,6
initial-normalization,var_weighted_1000000_normalize_TRUE,3,8,,4.75000000000003,5.74999999999992
initial-normalization,var_weighted_1000000_normalize_TRUE,4,8,,4.99999999999989,5.74999999999992
initial-normalization,var_weighted_1000000_normalize_TRUE,5,8,,5.12500000000005,5.87499999999985
initial-normalization,var_weighted_1000000_normalize_TRUE,6,8,,4.87499999999996,5.87500000000007
initial-normalization,var_weighted_1000000_normalize_TRUE,7,8,,4.87499999999996,5.87500000000007
review-loop-common-serial,sum_weighted_5,1,64,0.765624999999999,0.765624999999999,0.750000000000001
review-loop-common-serial,sum_weighted_5,2,64,0.796875000000002,0.750000000000001,0.750000000000001
review-loop-common-serial,sum_weighted_5,3,64,0.781250000000001,0.750000000000001,0.765625000000002
review-loop-common-serial,sum_weighted_5,4,64,0.781250000000001,0.750000000000001,0.750000000000001
review-loop-common-serial,sum_weighted_5,5,64,0.781250000000001,0.750000000000001,0.750000000000001
review-loop-common-serial,sum_weighted_5,6,64,0.765624999999999,0.765624999999999,0.953124999999999
review-loop-common-serial,sum_weighted_20,1,32,1.5,1.43749999999999,1.40625
review-loop-common-serial,sum_weighted_20,2,32,1.43750000000001,1.43749999999999,1.40625000000001
review-loop-common-serial,sum_weighted_20,3,32,1.43749999999999,1.40625,1.43750000000001
review-loop-common-serial,sum_weighted_20,4,32,1.46874999999999,1.40625,1.40625
review-loop-common-serial,sum_weighted_20,5,32,1.40625,1.40625,1.40625
review-loop-common-serial,sum_weighted_20,6,32,1.43750000000001,1.40625,1.40625000000001
review-loop-common-serial,sum_weighted_50,1,16,3,3.0625,3
review-loop-common-serial,sum_weighted_50,2,16,3.12500000000004,3.0625,3
review-loop-common-serial,sum_weighted_50,3,16,3.06249999999997,3.06250000000002,3.06249999999997
review-loop-common-serial,sum_weighted_50,4,16,3.06250000000002,3.06250000000002,3.06250000000002
review-loop-common-serial,sum_weighted_50,5,16,3.12499999999999,3,3.06250000000002
review-loop-common-serial,sum_weighted_50,6,16,3.06250000000002,3.06249999999997,3.06250000000002
review-loop-common-serial,sum_weighted_99,1,8,6,5.87500000000007,5.87499999999996
review-loop-common-serial,sum_weighted_99,2,8,6,5.87499999999996,6
review-loop-common-serial,sum_weighted_99,3,8,5.87499999999996,6,5.87499999999996
review-loop-common-serial,sum_weighted_99,4,8,6,6.12499999999994,6
review-loop-common-serial,sum_weighted_99,5,8,6,6,6
review-loop-common-serial,sum_weighted_99,6,8,6,6,6
review-loop-common-serial,mean_weighted_5,1,64,0.796875000000002,0.859375000000009,1.03125
review-loop-common-serial,mean_weighted_5,2,64,0.781249999999997,0.859375000000009,0.875000000000001
review-loop-common-serial,mean_weighted_5,3,64,0.796875000000002,0.859375000000009,0.859374999999996
review-loop-common-serial,mean_weighted_5,4,64,0.796874999999989,0.843750000000004,0.859374999999996
review-loop-common-serial,mean_weighted_5,5,64,0.796875000000002,0.859375000000009,0.875000000000001
review-loop-common-serial,mean_weighted_5,6,64,0.796875000000002,0.875000000000001,0.843750000000004
review-loop-common-serial,mean_weighted_20,1,32,1.5,1.62499999999999,1.59375
review-loop-common-serial,mean_weighted_20,2,32,1.46874999999996,1.56249999999997,1.65624999999997
review-loop-common-serial,mean_weighted_20,3,32,1.46875000000002,1.59375,1.59375
review-loop-common-serial,mean_weighted_20,4,32,1.53124999999998,1.65624999999997,1.62499999999999
review-loop-common-serial,mean_weighted_20,5,32,1.46875000000002,1.59375,1.59375
review-loop-common-serial,mean_weighted_20,6,32,1.43749999999998,1.56250000000002,1.59374999999995
review-loop-common-serial,mean_weighted_50,1,16,3.18750000000001,3.24999999999998,3.24999999999998
review-loop-common-serial,mean_weighted_50,2,16,3.18750000000001,3.24999999999998,3.25000000000009
review-loop-common-serial,mean_weighted_50,3,16,3.87499999999996,3.25000000000009,3.31250000000005
review-loop-common-serial,mean_weighted_50,4,16,3.24999999999998,3.24999999999998,3.31250000000005
review-loop-common-serial,mean_weighted_50,5,16,3.18750000000001,3.24999999999998,3.31249999999994
review-loop-common-serial,mean_weighted_50,6,16,3.18750000000001,3.25000000000009,3.25000000000009
review-loop-common-serial,mean_weighted_99,1,8,6.12499999999994,6.25000000000009,6.25000000000009
review-loop-common-serial,mean_weighted_99,2,8,6.12499999999994,6.12500000000016,6.37500000000002
review-loop-common-serial,mean_weighted_99,3,8,6.25000000000009,6.12499999999994,6.25000000000009
review-loop-common-serial,mean_weighted_99,4,8,6.12499999999994,6.25000000000009,6.24999999999987
review-loop-common-serial,mean_weighted_99,5,8,6.25000000000009,6.12499999999994,6.25000000000009
review-loop-common-serial,mean_weighted_99,6,8,6.12500000000016,6.25000000000009,6.37500000000002
review-loop-common-serial,min_weighted_5,1,64,1.03125000000001,0.68749999999998,0.703124999999999
review-loop-common-serial,min_weighted_5,2,64,1.03125000000001,0.703124999999999,0.703124999999999
review-loop-common-serial,min_weighted_5,3,64,1.03125000000001,0.703124999999999,0.703124999999999
review-loop-common-serial,min_weighted_5,4,64,1.01562499999999,0.703124999999999,0.687500000000008
review-loop-common-serial,min_weighted_5,5,64,1.01562500000002,0.703124999999999,0.703124999999999
review-loop-common-serial,min_weighted_5,6,64,1.06249999999999,0.703124999999999,0.703124999999999
review-loop-common-serial,min_weighted_20,1,16,3.37499999999991,2.18750000000001,2.12499999999993
review-loop-common-serial,min_weighted_20,2,16,4,2.18750000000001,2.18750000000001
review-loop-common-serial,min_weighted_20,3,16,3.37500000000002,2.18750000000001,2.18750000000001
review-loop-common-serial,min_weighted_20,4,16,3.43749999999998,2.18750000000001,2.24999999999997
review-loop-common-serial,min_weighted_20,5,16,3.43749999999998,2.18750000000001,2.24999999999997
review-loop-common-serial,min_weighted_20,6,16,3.43749999999998,2.31250000000005,2.24999999999997
review-loop-common-serial,min_weighted_50,1,8,8.25000000000009,5.12500000000005,5.12500000000005
review-loop-common-serial,min_weighted_50,2,8,8.12499999999994,5.12500000000005,5.24999999999998
review-loop-common-serial,min_weighted_50,3,8,8.12499999999994,5.24999999999998,5.12499999999982
review-loop-common-serial,min_weighted_50,4,8,8.12499999999994,5.2500000000002,5.12500000000005
review-loop-common-serial,min_weighted_50,5,8,8.37500000000024,5.12500000000005,5.24999999999998
review-loop-common-serial,min_weighted_50,6,8,8.25000000000031,5.12500000000005,5.12500000000005
review-loop-common-serial,min_weighted_99,1,4,16.2500000000003,10.0000000000007,9.99999999999979
review-loop-common-serial,min_weighted_99,2,4,16,9.99999999999979,10.2500000000001
review-loop-common-serial,min_weighted_99,3,4,16,10.0000000000007,9.99999999999979
review-loop-common-serial,min_weighted_99,4,4,16,10.0000000000007,10.2500000000001
review-loop-common-serial,min_weighted_99,5,4,16.2499999999994,10.0000000000007,9.99999999999979
review-loop-common-serial,min_weighted_99,6,4,16,9.99999999999979,10.2500000000001
review-loop-common-serial,max_weighted_5,1,64,1.03125000000004,0.703125000000027,0.703125000000027
review-loop-common-serial,max_weighted_5,2,64,1.03125000000004,0.71874999999999,0.71874999999999
review-loop-common-serial,max_weighted_5,3,64,1.03124999999998,0.718750000000046,0.703124999999971
review-loop-common-serial,max_weighted_5,4,64,1.03124999999998,0.703125000000027,0.703124999999971
review-loop-common-serial,max_weighted_5,5,64,1.01562500000002,0.703125000000027,0.703124999999971
review-loop-common-serial,max_weighted_5,6,64,1.046875,0.703125000000027,0.703124999999971
review-loop-common-serial,max_weighted_20,1,16,3.68750000000007,2.25000000000009,2.93749999999982
review-loop-common-serial,max_weighted_20,2,16,3.43749999999998,2.25000000000009,2.24999999999986
review-loop-common-serial,max_weighted_20,3,16,3.37500000000013,2.18750000000001,2.25000000000009
review-loop-common-serial,max_weighted_20,4,16,3.43749999999998,2.25000000000009,2.18750000000001
review-loop-common-serial,max_weighted_20,5,16,3.43749999999998,2.25000000000009,2.25000000000009
review-loop-common-serial,max_weighted_20,6,16,3.37499999999991,2.18750000000001,2.18749999999979
review-loop-common-serial,max_weighted_50,1,8,8.25000000000031,5.2500000000002,5.2500000000002
review-loop-common-serial,max_weighted_50,2,8,8.25000000000031,5.2500000000002,5.12500000000005
review-loop-common-serial,max_weighted_50,3,8,8.25000000000031,5.37499999999991,5.12500000000005
review-loop-common-serial,max_weighted_50,4,8,8.12499999999972,5.12500000000005,5.1249999999996
review-loop-common-serial,max_weighted_50,5,8,8.12500000000016,5.12500000000005,5.24999999999975
review-loop-common-serial,max_weighted_50,6,8,8.12499999999972,5.24999999999975,5.12500000000005
review-loop-common-serial,max_weighted_99,1,4,16,9.99999999999979,10.0000000000007
review-loop-common-serial,max_weighted_99,2,4,16,10.5000000000004,9.99999999999979
review-loop-common-serial,max_weighted_99,3,4,16,9.99999999999979,10.2500000000001
review-loop-common-serial,max_weighted_99,4,4,16.2500000000003,10.2500000000001,10.2500000000001
review-loop-common-serial,max_weighted_99,5,4,16.2500000000003,9.99999999999979,9.99999999999979
review-loop-common-serial,max_weighted_99,6,4,16,9.99999999999979,9.99999999999979
review-loop-common-serial,prod_weighted_5,1,64,0.765624999999992,0.765624999999992,0.750000000000028
review-loop-common-serial,prod_weighted_5,2,64,0.781250000000011,0.781249999999956,0.765624999999992
review-loop-common-serial,prod_weighted_5,3,64,0.765624999999992,0.765624999999992,0.765624999999992
review-loop-common-serial,prod_weighted_5,4,64,0.765624999999992,0.750000000000028,0.765625000000048
review-loop-common-serial,prod_weighted_5,5,64,0.781250000000011,0.765624999999992,0.765624999999992
review-loop-common-serial,prod_weighted_5,6,64,0.781250000000011,0.749999999999973,0.765624999999992
review-loop-common-serial,prod_weighted_20,1,32,1.78124999999996,1.74999999999992,1.78124999999996
review-loop-common-serial,prod_weighted_20,2,32,1.78124999999996,1.75000000000003,1.78124999999996
review-loop-common-serial,prod_weighted_20,3,32,1.78125000000007,1.81249999999999,1.75000000000003
review-loop-common-serial,prod_weighted_20,4,32,1.81250000000011,1.78124999999996,1.75000000000003
review-loop-common-serial,prod_weighted_20,5,32,1.78124999999996,1.78125000000007,1.81249999999999
review-loop-common-serial,prod_weighted_20,6,32,1.78124999999996,1.74999999999992,1.78125000000007
review-loop-common-serial,prod_weighted_50,1,8,3.75000000000014,3.87499999999985,3.75000000000014
review-loop-common-serial,prod_weighted_50,2,8,3.75000000000014,3.75000000000014,3.75000000000014
review-loop-common-serial,prod_weighted_50,3,8,3.8750000000003,3.8750000000003,4
review-loop-common-serial,prod_weighted_50,4,8,3.87499999999985,3.7499999999997,3.8750000000003
review-loop-common-serial,prod_weighted_50,5,8,3.87499999999985,3.8750000000003,3.75000000000014
review-loop-common-serial,prod_weighted_50,6,8,3.75000000000014,3.87499999999985,3.75000000000014
review-loop-common-serial,prod_weighted_99,1,8,7.37499999999969,7.49999999999984,7.37499999999969
review-loop-common-serial,prod_weighted_99,2,8,7.37500000000013,7.37499999999969,7.37500000000013
review-loop-common-serial,prod_weighted_99,3,8,7.37500000000013,7.37500000000013,7.37500000000013
review-loop-common-serial,prod_weighted_99,4,8,7.62499999999999,7.37500000000013,7.49999999999984
review-loop-common-serial,prod_weighted_99,5,8,7.37500000000013,7.37500000000013,7.37500000000013
review-loop-common-serial,prod_weighted_99,6,8,7.37500000000013,7.37500000000013,7.37500000000013
review-loop-common-serial,var_weighted_5,1,8,4,4.37500000000002,4.37500000000002
review-loop-common-serial,var_weighted_5,2,8,4,4.37500000000002,4.37500000000002
review-loop-common-serial,var_weighted_5,3,8,4,4.37500000000002,4.37500000000002
review-loop-common-serial,var_weighted_5,4,8,4,4.50000000000017,4.62500000000032
review-loop-common-serial,var_weighted_5,5,8,4.12499999999971,4.37500000000002,4.50000000000017
review-loop-common-serial,var_weighted_5,6,8,4,4.50000000000017,4.49999999999973
review-loop-common-serial,var_weighted_20,1,4,11.0000000000001,11.2500000000004,11.4999999999998
review-loop-common-serial,var_weighted_20,2,4,11.0000000000001,11.4999999999998,11.7500000000001
review-loop-common-serial,var_weighted_20,3,4,11.0000000000001,11.4999999999998,11.4999999999998
review-loop-common-serial,var_weighted_20,4,4,11.0000000000001,11.4999999999998,11.5000000000007
review-loop-common-serial,var_weighted_20,5,4,11.0000000000001,11.7500000000001,11.4999999999998
review-loop-common-serial,var_weighted_20,6,4,11.0000000000001,11.7500000000001,11.4999999999998
review-loop-common-serial,var_weighted_50,1,2,25.0000000000004,25.9999999999998,25.9999999999998
review-loop-common-serial,var_weighted_50,2,2,25.4999999999992,25.9999999999998,25.9999999999998
review-loop-common-serial,var_weighted_50,3,2,25.9999999999998,25.9999999999998,25.9999999999998
review-loop-common-serial,var_weighted_50,4,2,25.500000000001,25.9999999999998,25.9999999999998
review-loop-common-serial,var_weighted_50,5,2,25.500000000001,26.4999999999986,25.9999999999998
review-loop-common-serial,var_weighted_50,6,2,25.4999999999974,25.9999999999998,25.9999999999998
review-loop-common-serial,var_weighted_99,1,1,49.9999999999972,48.9999999999995,49.9999999999972
review-loop-common-serial,var_weighted_99,2,1,48.9999999999995,48.9999999999995,49.0000000000066
review-loop-common-serial,var_weighted_99,3,1,49.9999999999972,49.9999999999972,51.0000000000019
review-loop-common-serial,var_weighted_99,4,1,50.0000000000043,48.9999999999995,48.9999999999995
review-loop-common-serial,var_weighted_99,5,1,49.9999999999972,48.9999999999995,50.0000000000043
review-loop-common-serial,var_weighted_99,6,1,48.9999999999995,49.9999999999972,49.9999999999972
review-loop-common-serial,sd_weighted_5,1,8,4.99999999999989,5.12500000000049,5.2500000000002
review-loop-common-serial,sd_weighted_5,2,8,4.87500000000018,5.1249999999996,5.2500000000002
review-loop-common-serial,sd_weighted_5,3,8,4.8749999999993,5.1249999999996,5.1249999999996
review-loop-common-serial,sd_weighted_5,4,8,4.87500000000018,5.12500000000049,5.1249999999996
review-loop-common-serial,sd_weighted_5,5,8,4.8749999999993,5.1249999999996,5.2500000000002
review-loop-common-serial,sd_weighted_5,6,8,4.87500000000018,4.99999999999989,5.2500000000002
review-loop-common-serial,sd_weighted_20,1,4,11.7499999999993,12.2499999999999,12.4999999999993
review-loop-common-serial,sd_weighted_20,2,4,11.9999999999987,11.9999999999987,12.2499999999999
review-loop-common-serial,sd_weighted_20,3,4,12.0000000000005,12.2499999999999,12.2499999999999
review-loop-common-serial,sd_weighted_20,4,4,12.4999999999993,12.5000000000011,12.2499999999999
review-loop-common-serial,sd_weighted_20,5,4,11.7499999999993,12.2499999999999,12.4999999999993
review-loop-common-serial,sd_weighted_20,6,4,12.0000000000005,12.0000000000005,12.4999999999993
review-loop-common-serial,sd_weighted_50,1,2,26.4999999999986,26.4999999999986,26.4999999999986
review-loop-common-serial,sd_weighted_50,2,2,26.5000000000022,26.4999999999986,26.4999999999986
review-loop-common-serial,sd_weighted_50,3,2,26.5000000000022,26.4999999999986,27.000000000001
review-loop-common-serial,sd_weighted_50,4,2,25.9999999999998,26.4999999999986,26.4999999999986
review-loop-common-serial,sd_weighted_50,5,2,25.9999999999998,27.4999999999999,26.5000000000022
review-loop-common-serial,sd_weighted_50,6,2,26.4999999999986,26.4999999999986,27.000000000001
review-loop-common-serial,sd_weighted_99,1,1,51.0000000000019,51.0000000000019,51.0000000000019
review-loop-common-serial,sd_weighted_99,2,1,51.0000000000019,51.9999999999996,51.0000000000019
review-loop-common-serial,sd_weighted_99,3,1,49.9999999999972,51.0000000000019,51.9999999999996
review-loop-common-serial,sd_weighted_99,4,1,49.9999999999972,51.0000000000019,50.0000000000043
review-loop-common-serial,sd_weighted_99,5,1,48.9999999999995,51.0000000000019,50.0000000000043
review-loop-common-serial,sd_weighted_99,6,1,50.0000000000043,50.0000000000043,49.9999999999972
review-loop-common-serial,median_weighted_5,1,2,27.4999999999999,26.9999999999975,27.000000000001
review-loop-common-serial,median_weighted_5,2,2,27.4999999999999,27.000000000001,26.9999999999975
review-loop-common-serial,median_weighted_5,3,2,27.4999999999999,27.4999999999999,26.9999999999975
review-loop-common-serial,median_weighted_5,4,2,27.4999999999999,27.000000000001,26.4999999999986
review-loop-common-serial,median_weighted_5,5,2,27.4999999999999,27.000000000001,26.9999999999975
review-loop-common-serial,median_weighted_5,6,2,27.4999999999999,28.5000000000011,27.000000000001
review-loop-common-serial,median_weighted_20,1,1,122,122.999999999998,123.000000000005
review-loop-common-serial,median_weighted_20,2,1,123.000000000005,123.000000000005,123.999999999995
review-loop-common-serial,median_weighted_20,3,1,124.000000000002,122,122.999999999998
review-loop-common-serial,median_weighted_20,4,1,124.000000000002,124.000000000002,122
review-loop-common-serial,median_weighted_20,5,1,122.999999999998,123.999999999995,123.999999999995
review-loop-common-serial,median_weighted_20,6,1,124.000000000002,125,122
review-loop-common-serial,median_weighted_50,1,1,265.000000000001,263.999999999996,268.000000000001
review-loop-common-serial,median_weighted_50,2,1,266.000000000005,264.000000000003,265.999999999998
review-loop-common-serial,median_weighted_50,3,1,266.999999999996,265.999999999998,265.000000000001
review-loop-common-serial,median_weighted_50,4,1,265.999999999998,265.000000000001,267.000000000003
review-loop-common-serial,median_weighted_50,5,1,268.000000000001,264.000000000003,267.000000000003
review-loop-common-serial,median_weighted_50,6,1,266.999999999996,265.000000000001,265.999999999998
review-loop-common-serial,median_weighted_99,1,1,485.999999999997,485.999999999997,482.999999999997
review-loop-common-serial,median_weighted_99,2,1,487.000000000002,484.999999999999,482.000000000006
review-loop-common-serial,median_weighted_99,3,1,486.000000000004,484.000000000002,486.000000000004
review-loop-common-serial,median_weighted_99,4,1,488,482.999999999997,484.999999999999
review-loop-common-serial,median_weighted_99,5,1,483.999999999995,487.000000000002,483.000000000004
review-loop-common-serial,median_weighted_99,6,1,484.000000000002,485.999999999997,484.999999999999
review-loop-common-serial,sum_na_rm_weighted_20,1,16,2.68749999999995,2.68749999999995,2.75000000000025
review-loop-common-serial,sum_na_rm_weighted_20,2,16,2.68749999999995,2.68749999999995,2.6250000000001
review-loop-common-serial,sum_na_rm_weighted_20,3,16,2.6875000000004,2.75000000000025,2.68749999999995
review-loop-common-serial,sum_na_rm_weighted_20,4,16,2.68749999999995,2.68749999999995,2.68749999999995
review-loop-common-serial,sum_na_rm_weighted_20,5,16,2.75000000000025,2.68749999999995,2.68749999999995
review-loop-common-serial,sum_na_rm_weighted_20,6,16,2.68749999999995,2.62499999999966,2.62499999999966
review-loop-common-serial,sum_raw_weighted_20,1,32,1.4375000000002,1.4375000000002,1.40625000000005
review-loop-common-serial,sum_raw_weighted_20,2,32,1.46874999999991,1.4375000000002,1.40625000000005
review-loop-common-serial,sum_raw_weighted_20,3,32,1.43749999999976,1.40625000000005,1.4375000000002
review-loop-common-serial,sum_raw_weighted_20,4,32,1.43749999999976,1.40625000000005,1.40624999999961
review-loop-common-serial,sum_raw_weighted_20,5,32,1.4375000000002,1.75000000000036,1.40625000000005
review-loop-common-serial,sum_raw_weighted_20,6,32,1.43749999999976,1.40624999999961,1.43749999999976
review-loop-common-serial,sum_unweighted_20,1,32,1.34374999999975,1.3437500000002,1.3437500000002
review-loop-common-serial,sum_unweighted_20,2,32,1.34374999999975,1.34374999999975,1.40625000000005
review-loop-common-serial,sum_unweighted_20,3,32,1.3437500000002,1.2812499999999,1.28125000000034
review-loop-common-serial,sum_unweighted_20,4,32,1.31250000000005,1.2812499999999,1.2812499999999
review-loop-common-serial,sum_unweighted_20,5,32,1.31250000000005,1.28125000000034,1.2812499999999
review-loop-common-serial,sum_unweighted_20,6,32,1.31250000000005,1.31250000000005,1.31250000000005
review-loop-common-serial,sum_na_rm_weighted_99,1,4,13.0000000000017,13.0000000000017,12.7500000000005
review-loop-common-serial,sum_na_rm_weighted_99,2,4,12.7500000000005,12.7500000000005,12.7499999999969
review-loop-common-serial,sum_na_rm_weighted_99,3,4,12.7500000000005,12.9999999999981,12.7500000000005
review-loop-common-serial,sum_na_rm_weighted_99,4,4,12.7500000000005,12.7500000000005,12.7500000000005
review-loop-common-serial,sum_na_rm_weighted_99,5,4,12.9999999999981,12.9999999999981,12.7500000000005
review-loop-common-serial,sum_na_rm_weighted_99,6,4,12.7499999999969,12.7500000000005,12.9999999999981
review-loop-common-serial,sum_raw_weighted_99,1,8,6.12499999999905,5.99999999999845,6.12499999999905
review-loop-common-serial,sum_raw_weighted_99,2,8,6.12500000000082,6.12499999999905,6.12500000000082
review-loop-common-serial,sum_raw_weighted_99,3,8,6.00000000000023,6.12500000000082,6.12500000000082
review-loop-common-serial,sum_raw_weighted_99,4,8,6.00000000000023,6.12500000000082,6.00000000000023
review-loop-common-serial,sum_raw_weighted_99,5,8,6.12499999999905,6.12499999999905,6.12500000000082
review-loop-common-serial,sum_raw_weighted_99,6,8,6.24999999999964,6.12500000000082,6.25000000000142
review-loop-common-serial,sum_unweighted_99,1,8,5.2500000000002,5.12500000000138,5.1249999999996
review-loop-common-serial,sum_unweighted_99,2,8,5.2500000000002,5.1249999999996,5.1249999999996
review-loop-common-serial,sum_unweighted_99,3,8,5.37499999999902,5.1249999999996,5.37499999999902
review-loop-common-serial,sum_unweighted_99,4,8,5.2500000000002,5.12500000000138,5.1249999999996
review-loop-common-serial,sum_unweighted_99,5,8,5.2500000000002,5.12500000000138,5.1249999999996
review-loop-common-serial,sum_unweighted_99,6,8,5.1249999999996,5.12500000000138,5.1249999999996
review-loop-common-serial,mean_raw_weighted_20,1,32,1.50000000000006,1.59375000000006,1.59375000000006
review-loop-common-serial,mean_raw_weighted_20,2,32,1.46874999999991,1.59375000000006,1.62500000000021
review-loop-common-serial,mean_raw_weighted_20,3,32,1.43749999999976,1.59375000000006,1.59375000000006
review-loop-common-serial,mean_raw_weighted_20,4,32,1.50000000000006,1.59375000000006,1.59374999999962
review-loop-common-serial,mean_raw_weighted_20,5,32,1.46874999999991,1.59375000000006,1.59375000000006
review-loop-common-serial,mean_raw_weighted_20,6,32,1.50000000000006,1.59374999999962,1.59374999999962
review-loop-common-serial,mean_unweighted_20,1,32,1.34374999999975,1.43749999999976,1.40625000000005
review-loop-common-serial,mean_unweighted_20,2,32,1.3437500000002,1.43749999999976,1.4375000000002
review-loop-common-serial,mean_unweighted_20,3,32,1.3437500000002,1.40625000000005,1.40625000000005
review-loop-common-serial,mean_unweighted_20,4,32,1.3437500000002,1.4375000000002,1.46874999999991
review-loop-common-serial,mean_unweighted_20,5,32,1.34374999999975,1.46874999999991,1.43749999999976
review-loop-common-serial,mean_unweighted_20,6,32,1.3437500000002,1.43749999999976,1.4375000000002
review-loop-common-serial,mean_raw_weighted_99,1,8,6.25000000000142,6.24999999999964,6.37500000000024
review-loop-common-serial,mean_raw_weighted_99,2,8,6.37500000000024,6.24999999999964,6.25000000000142
review-loop-common-serial,mean_raw_weighted_99,3,8,6.24999999999964,6.37500000000024,6.25000000000142
review-loop-common-serial,mean_raw_weighted_99,4,8,6.24999999999964,6.37500000000024,6.37499999999847
review-loop-common-serial,mean_raw_weighted_99,5,8,6.12500000000082,6.24999999999964,6.24999999999964
review-loop-common-serial,mean_raw_weighted_99,6,8,6.25000000000142,6.24999999999964,6.24999999999964
review-loop-common-serial,mean_unweighted_99,1,8,5.1249999999996,5.2500000000002,5.2500000000002
review-loop-common-serial,mean_unweighted_99,2,8,5.1249999999996,5.50000000000139,5.2500000000002
review-loop-common-serial,mean_unweighted_99,3,8,5.1249999999996,5.2500000000002,5.24999999999842
review-loop-common-serial,mean_unweighted_99,4,8,5.12500000000138,5.2500000000002,5.24999999999842
review-loop-common-serial,mean_unweighted_99,5,8,5.2500000000002,5.2500000000002,5.2500000000002
review-loop-common-serial,mean_unweighted_99,6,8,5.1249999999996,5.2500000000002,5.2500000000002
review-loop-common-serial,var_raw_weighted_20,1,4,11.2500000000004,11.4999999999981,11.4999999999981
review-loop-common-serial,var_raw_weighted_20,2,4,11.2500000000004,11.4999999999981,11.5000000000016
review-loop-common-serial,var_raw_weighted_20,3,4,11.2500000000004,11.7499999999993,11.7499999999993
review-loop-common-serial,var_raw_weighted_20,4,4,11.0000000000028,11.7499999999993,11.5000000000016
review-loop-common-serial,var_raw_weighted_20,5,4,10.9999999999992,11.5000000000016,11.5000000000016
review-loop-common-serial,var_raw_weighted_20,6,4,10.9999999999992,11.4999999999981,11.5000000000016
review-loop-common-serial,var_unweighted_20,1,4,7.74999999999793,7.99999999999912,8.25000000000031
review-loop-common-serial,var_unweighted_20,2,4,7.74999999999793,7.99999999999912,8.25000000000031
review-loop-common-serial,var_unweighted_20,3,4,7.74999999999793,7.99999999999912,7.99999999999912
review-loop-common-serial,var_unweighted_20,4,4,7.50000000000028,8.00000000000267,7.74999999999793
review-loop-common-serial,var_unweighted_20,5,4,7.75000000000148,7.99999999999912,8.00000000000267
review-loop-common-serial,var_unweighted_20,6,4,7.50000000000028,7.99999999999912,8.50000000000151
review-loop-common-serial,var_raw_weighted_99,1,1,48.9999999999924,50.0000000000114,49.9999999999972
review-loop-common-serial,var_raw_weighted_99,2,1,49.9999999999972,49.9999999999972,49.0000000000066
review-loop-common-serial,var_raw_weighted_99,3,1,49.0000000000066,49.0000000000066,48.9999999999924
review-loop-common-serial,var_raw_weighted_99,4,1,49.0000000000066,49.9999999999972,49.9999999999972
review-loop-common-serial,var_raw_weighted_99,5,1,51.0000000000019,50.0000000000114,52.9999999999973
review-loop-common-serial,var_raw_weighted_99,6,1,52.9999999999973,50.0000000000114,50.0000000000114
review-loop-common-serial,var_unweighted_99,1,8,7.37499999999969,7.6249999999991,7.24999999999909
review-loop-common-serial,var_unweighted_99,2,8,7.25000000000087,7.50000000000028,6.99999999999967
review-loop-common-serial,var_unweighted_99,3,8,7.25000000000087,8.0000000000009,7.12500000000027
review-loop-common-serial,var_unweighted_99,4,8,7.37499999999969,7.6249999999991,7.24999999999909
review-loop-common-serial,var_unweighted_99,5,8,7.37500000000146,7.75000000000148,7.24999999999909
review-loop-common-serial,var_unweighted_99,6,8,7.37499999999969,7.75000000000148,7.24999999999909
review-loop-common-serial,mean_10million_weighted_20,1,2,14.4999999999982,15.4999999999959,15.4999999999959
review-loop-common-serial,mean_10million_weighted_20,2,2,14.4999999999982,15.500000000003,15.9999999999982
review-loop-common-serial,mean_10million_weighted_20,3,2,14.0000000000029,15.500000000003,15.500000000003
review-loop-common-serial,mean_10million_weighted_20,4,2,14.4999999999982,15.500000000003,15.4999999999959
review-loop-common-serial,mean_10million_weighted_20,5,2,14.4999999999982,15.4999999999959,15.4999999999959
review-loop-common-serial,mean_10million_weighted_20,6,2,14.5000000000053,15.500000000003,15.500000000003
review-loop-common-serial,mean_10million_weighted_99,1,1,61.9999999999976,66.0000000000025,60.9999999999928
review-loop-common-serial,mean_10million_weighted_99,2,1,61.9999999999976,61.000000000007,61.000000000007
review-loop-common-serial,mean_10million_weighted_99,3,1,63.0000000000024,62.0000000000118,63.0000000000024
review-loop-common-serial,mean_10million_weighted_99,4,1,61.9999999999976,61.9999999999976,63.0000000000024
review-loop-common-serial,mean_10million_weighted_99,5,1,61.9999999999976,63.0000000000024,62.0000000000118
review-loop-common-serial,mean_10million_weighted_99,6,1,61.9999999999976,61.9999999999976,63.0000000000024
review-loop-common-serial,mean_missing_20_remove_FALSE,1,8,5.87499999999963,3.62499999999955,3.37499999999835
review-loop-common-serial,mean_missing_20_remove_FALSE,2,8,5.49999999999962,3.49999999999895,3.37500000000013
review-loop-common-serial,mean_missing_20_remove_FALSE,3,8,5.50000000000139,3.49999999999895,3.37500000000013
review-loop-common-serial,mean_missing_20_remove_FALSE,4,8,5.62500000000021,3.62499999999955,3.37500000000013
review-loop-common-serial,mean_missing_20_remove_FALSE,5,8,5.49999999999962,3.49999999999895,3.37500000000013
review-loop-common-serial,mean_missing_20_remove_FALSE,6,8,5.62500000000021,3.50000000000072,3.25000000000131
review-loop-common-serial,mean_missing_20_remove_TRUE,1,8,3.99999999999956,5.12500000000138,5.1249999999996
review-loop-common-serial,mean_missing_20_remove_TRUE,2,8,3.99999999999956,5.1249999999996,5.00000000000078
review-loop-common-serial,mean_missing_20_remove_TRUE,3,8,4.00000000000134,4.999999999999,5.12500000000138
review-loop-common-serial,mean_missing_20_remove_TRUE,4,8,3.99999999999956,5.00000000000078,5.1249999999996
review-loop-common-serial,mean_missing_20_remove_TRUE,5,8,3.99999999999956,5.00000000000078,4.999999999999
review-loop-common-serial,mean_missing_20_remove_TRUE,6,8,3.99999999999956,4.999999999999,5.12500000000138
review-loop-common-serial,mean_missing_99_remove_FALSE,1,2,53.4999999999997,33.0000000000013,26.5000000000057
review-loop-common-serial,mean_missing_99_remove_FALSE,2,2,53.4999999999997,32.4999999999989,26.4999999999986
review-loop-common-serial,mean_missing_99_remove_FALSE,3,2,53.4999999999997,32.0000000000036,26.4999999999986
review-loop-common-serial,mean_missing_99_remove_FALSE,4,2,53.4999999999997,31.5000000000012,30.0000000000011
review-loop-common-serial,mean_missing_99_remove_FALSE,5,2,56.0000000000045,28.9999999999964,27.9999999999987
review-loop-common-serial,mean_missing_99_remove_FALSE,6,2,54.9999999999997,29.4999999999987,30.0000000000011
review-loop-common-serial,mean_missing_99_remove_TRUE,1,2,19.5000000000007,22.5000000000009,23.0000000000032
review-loop-common-serial,mean_missing_99_remove_TRUE,2,2,19.0000000000055,23.0000000000032,22.5000000000009
review-loop-common-serial,mean_missing_99_remove_TRUE,3,2,18.9999999999984,22.9999999999961,22.5000000000009
review-loop-common-serial,mean_missing_99_remove_TRUE,4,2,19.5000000000007,23.0000000000032,22.9999999999961
review-loop-common-serial,mean_missing_99_remove_TRUE,5,2,19.5000000000007,23.4999999999985,24.0000000000009
review-loop-common-serial,mean_missing_99_remove_TRUE,6,2,18.9999999999984,22.4999999999937,22.5000000000009
review-loop-common-serial,min_missing_20_remove_FALSE,1,16,3.43750000000043,4.56249999999958,4.49999999999928
review-loop-common-serial,min_missing_20_remove_FALSE,2,16,3.37499999999924,4.62499999999988,4.56249999999958
review-loop-common-serial,min_missing_20_remove_FALSE,3,16,3.43749999999954,4.49999999999928,4.50000000000017
review-loop-common-serial,min_missing_20_remove_FALSE,4,16,3.43749999999954,4.49999999999928,4.50000000000017
review-loop-common-serial,min_missing_20_remove_FALSE,5,16,3.43750000000043,4.56250000000047,4.50000000000017
review-loop-common-serial,min_missing_20_remove_FALSE,6,16,3.37500000000013,4.49999999999928,4.50000000000017
review-loop-common-serial,min_missing_20_remove_TRUE,1,16,2.06250000000008,2.06249999999919,2.12500000000038
review-loop-common-serial,min_missing_20_remove_TRUE,2,16,2.06250000000008,2.06250000000008,2.06249999999919
review-loop-common-serial,min_missing_20_remove_TRUE,3,16,2.06249999999919,2.06250000000008,2.06250000000008
review-loop-common-serial,min_missing_20_remove_TRUE,4,16,2.06250000000008,2.06250000000008,2.06250000000008
review-loop-common-serial,min_missing_20_remove_TRUE,5,16,2.06250000000008,2.12499999999949,2.06250000000008
review-loop-common-serial,min_missing_20_remove_TRUE,6,16,2.06250000000008,2.12500000000038,2.12500000000038
review-loop-common-serial,min_missing_99_remove_FALSE,1,2,15.9999999999982,19.5000000000007,20.0000000000031
review-loop-common-serial,min_missing_99_remove_FALSE,2,2,15.9999999999982,19.5000000000007,19.999999999996
review-loop-common-serial,min_missing_99_remove_FALSE,3,2,16.0000000000053,19.999999999996,19.5000000000007
review-loop-common-serial,min_missing_99_remove_FALSE,4,2,15.9999999999982,19.5000000000007,19.5000000000007
review-loop-common-serial,min_missing_99_remove_FALSE,5,2,15.9999999999982,19.999999999996,19.999999999996
review-loop-common-serial,min_missing_99_remove_FALSE,6,2,15.9999999999982,19.999999999996,20.0000000000031
review-loop-common-serial,min_missing_99_remove_TRUE,1,4,9.75000000000037,10.0000000000016,9.99999999999801
review-loop-common-serial,min_missing_99_remove_TRUE,2,4,9.74999999999682,10.0000000000016,9.75000000000037
review-loop-common-serial,min_missing_99_remove_TRUE,3,4,9.74999999999682,9.99999999999801,9.99999999999801
review-loop-common-serial,min_missing_99_remove_TRUE,4,4,9.75000000000037,9.99999999999801,10.0000000000016
review-loop-common-serial,min_missing_99_remove_TRUE,5,4,9.75000000000037,9.99999999999801,9.99999999999801
review-loop-common-serial,min_missing_99_remove_TRUE,6,4,9.99999999999801,9.99999999999801,9.99999999999801
review-loop-common-serial,max_missing_20_remove_FALSE,1,16,3.43750000000043,4.50000000000017,4.62499999999988
review-loop-common-serial,max_missing_20_remove_FALSE,2,16,3.43749999999954,4.49999999999928,4.50000000000017
review-loop-common-serial,max_missing_20_remove_FALSE,3,16,3.43749999999954,4.62499999999988,4.56249999999958
review-loop-common-serial,max_missing_20_remove_FALSE,4,16,3.37500000000013,4.50000000000017,4.56250000000047
review-loop-common-serial,max_missing_20_remove_FALSE,5,16,3.37500000000013,4.50000000000017,4.50000000000017
review-loop-common-serial,max_missing_20_remove_FALSE,6,16,3.43749999999954,4.56250000000047,4.62499999999988
review-loop-common-serial,max_missing_20_remove_TRUE,1,16,2.12500000000038,2.06250000000008,2.12500000000038
review-loop-common-serial,max_missing_20_remove_TRUE,2,16,2.06250000000008,2.12500000000038,2.06250000000008
review-loop-common-serial,max_missing_20_remove_TRUE,3,16,2.06250000000008,2.06250000000008,2.06250000000008
review-loop-common-serial,max_missing_20_remove_TRUE,4,16,2.06249999999919,2.06250000000008,2.06250000000008
review-loop-common-serial,max_missing_20_remove_TRUE,5,16,2.06250000000008,2.06250000000008,2.06250000000008
review-loop-common-serial,max_missing_20_remove_TRUE,6,16,2.06250000000008,2.06250000000008,2.06249999999919
review-loop-common-serial,max_missing_99_remove_FALSE,1,2,16.9999999999959,19.999999999996,20.4999999999984
review-loop-common-serial,max_missing_99_remove_FALSE,2,2,16.5000000000006,20.5000000000055,20.0000000000031
review-loop-common-serial,max_missing_99_remove_FALSE,3,2,15.9999999999982,20.0000000000031,20.0000000000031
review-loop-common-serial,max_missing_99_remove_FALSE,4,2,16.5000000000006,19.999999999996,19.999999999996
review-loop-common-serial,max_missing_99_remove_FALSE,5,2,15.9999999999982,20.0000000000031,20.0000000000031
review-loop-common-serial,max_missing_99_remove_FALSE,6,2,15.9999999999982,20.0000000000031,19.4999999999936
review-loop-common-serial,max_missing_99_remove_TRUE,1,4,9.75000000000037,9.75000000000037,10.0000000000016
review-loop-common-serial,max_missing_99_remove_TRUE,2,4,10.0000000000016,9.75000000000037,9.99999999999801
review-loop-common-serial,max_missing_99_remove_TRUE,3,4,10.2499999999992,10.0000000000016,10.5000000000004
review-loop-common-serial,max_missing_99_remove_TRUE,4,4,9.75000000000037,10.0000000000016,10.0000000000016
review-loop-common-serial,max_missing_99_remove_TRUE,5,4,9.99999999999801,9.99999999999801,10.0000000000016
review-loop-common-serial,max_missing_99_remove_TRUE,6,4,9.99999999999801,10.0000000000016,9.99999999999801
review-loop-common-serial,var_missing_20_remove_FALSE,1,4,11.2500000000004,11.5000000000016,11.5000000000016
review-loop-common-serial,var_missing_20_remove_FALSE,2,4,11.2500000000004,11.7499999999993,11.4999999999981
review-loop-common-serial,var_missing_20_remove_FALSE,3,4,11.0000000000028,11.7499999999993,11.4999999999981
review-loop-common-serial,var_missing_20_remove_FALSE,4,4,10.9999999999992,11.5000000000016,11.7499999999993
review-loop-common-serial,var_missing_20_remove_FALSE,5,4,10.9999999999992,11.7499999999993,11.5000000000016
review-loop-common-serial,var_missing_20_remove_FALSE,6,4,10.9999999999992,11.7499999999993,11.7499999999993
review-loop-common-serial,var_missing_20_remove_TRUE,1,4,10.9999999999992,11.4999999999981,11.5000000000016
review-loop-common-serial,var_missing_20_remove_TRUE,2,4,10.749999999998,11.5000000000016,11.5000000000016
review-loop-common-serial,var_missing_20_remove_TRUE,3,4,10.7500000000016,11.4999999999981,11.2500000000004
review-loop-common-serial,var_missing_20_remove_TRUE,4,4,10.9999999999992,11.5000000000016,11.5000000000016
review-loop-common-serial,var_missing_20_remove_TRUE,5,4,10.9999999999992,11.5000000000016,11.5000000000016
review-loop-common-serial,var_missing_20_remove_TRUE,6,4,11.4999999999981,11.2500000000004,11.5000000000016
review-loop-common-serial,var_missing_99_remove_FALSE,1,1,48.9999999999924,49.9999999999972,50.0000000000114
review-loop-common-serial,var_missing_99_remove_FALSE,2,1,50.0000000000114,49.0000000000066,49.9999999999972
review-loop-common-serial,var_missing_99_remove_FALSE,3,1,49.9999999999972,49.9999999999972,50.0000000000114
review-loop-common-serial,var_missing_99_remove_FALSE,4,1,49.9999999999972,49.9999999999972,49.9999999999972
review-loop-common-serial,var_missing_99_remove_FALSE,5,1,49.9999999999972,48.9999999999924,50.0000000000114
review-loop-common-serial,var_missing_99_remove_FALSE,6,1,51.0000000000019,51.0000000000019,51.0000000000019
review-loop-common-serial,var_missing_99_remove_TRUE,1,1,52.0000000000067,49.9999999999972,49.9999999999972
review-loop-common-serial,var_missing_99_remove_TRUE,2,1,51.0000000000019,51.0000000000019,50.9999999999877
review-loop-common-serial,var_missing_99_remove_TRUE,3,1,48.9999999999924,49.9999999999972,49.9999999999972
review-loop-common-serial,var_missing_99_remove_TRUE,4,1,49.0000000000066,49.9999999999972,49.9999999999972
review-loop-common-serial,var_missing_99_remove_TRUE,5,1,49.9999999999972,49.9999999999972,49.9999999999972
review-loop-common-serial,var_missing_99_remove_TRUE,6,1,49.9999999999972,50.0000000000114,49.9999999999972
review-loop-common-serial,sum_matrix_weighted_20,1,32,1.4375000000002,1.40625000000005,1.40625000000005
review-loop-common-serial,sum_matrix_weighted_20,2,32,1.4375000000002,1.40625000000005,1.40624999999961
review-loop-common-serial,sum_matrix_weighted_20,3,32,1.46875000000035,1.40625000000005,1.40625000000005
review-loop-common-serial,sum_matrix_weighted_20,4,32,1.4375000000002,1.40625000000005,1.40625000000005
review-loop-common-serial,sum_matrix_weighted_20,5,32,1.43749999999976,1.40625000000005,1.40625000000005
review-loop-common-serial,sum_matrix_weighted_20,6,32,1.50000000000006,1.40624999999961,1.4375000000002
review-loop-common-serial,sum_by10_weighted_20,1,128,0.250000000000083,0.249999999999972,0.249999999999972
review-loop-common-serial,sum_by10_weighted_20,2,128,0.25781250000001,0.25781250000001,0.250000000000083
review-loop-common-serial,sum_by10_weighted_20,3,128,0.249999999999972,0.249999999999972,0.250000000000083
review-loop-common-serial,sum_by10_weighted_20,4,128,0.249999999999972,0.242187500000046,0.249999999999972
review-loop-common-serial,sum_by10_weighted_20,5,128,0.249999999999972,0.249999999999972,0.249999999999972
review-loop-common-serial,sum_by10_weighted_20,6,128,0.249999999999972,0.249999999999972,0.249999999999972
review-loop-common-serial,mean_matrix_weighted_20,1,32,1.50000000000006,1.56250000000036,1.59375000000006
review-loop-common-serial,mean_matrix_weighted_20,2,32,1.46874999999991,1.59375000000006,1.56249999999991
review-loop-common-serial,mean_matrix_weighted_20,3,32,1.46875000000035,1.56249999999991,1.56249999999991
review-loop-common-serial,mean_matrix_weighted_20,4,32,1.46874999999991,1.62500000000021,1.59375000000006
review-loop-common-serial,mean_matrix_weighted_20,5,32,1.50000000000006,1.62500000000021,1.59375000000006
review-loop-common-serial,mean_matrix_weighted_20,6,32,1.46874999999991,1.56249999999991,1.59375000000006
review-loop-common-serial,mean_by10_weighted_20,1,128,0.25781250000001,0.265625000000047,0.265625000000047
review-loop-common-serial,mean_by10_weighted_20,2,128,0.25781250000001,0.25781250000001,0.265624999999936
review-loop-common-serial,mean_by10_weighted_20,3,128,0.249999999999972,0.273437499999973,0.25781250000001
review-loop-common-serial,mean_by10_weighted_20,4,128,0.249999999999972,0.265624999999936,0.265624999999936
review-loop-common-serial,mean_by10_weighted_20,5,128,0.249999999999972,0.265624999999936,0.265625000000047
review-loop-common-serial,mean_by10_weighted_20,6,128,0.265624999999936,0.273437499999973,0.265625000000047
review-loop-common-serial,min_matrix_weighted_20,1,16,3.49999999999984,2.25000000000009,2.25000000000009
review-loop-common-serial,min_matrix_weighted_20,2,16,3.49999999999984,2.18749999999979,2.25000000000009
review-loop-common-serial,min_matrix_weighted_20,3,16,3.62500000000043,2.37500000000068,2.18749999999979
review-loop-common-serial,min_matrix_weighted_20,4,16,3.43750000000043,2.18749999999979,2.25000000000009
review-loop-common-serial,min_matrix_weighted_20,5,16,3.56250000000014,2.25000000000009,2.31250000000038
review-loop-common-serial,min_matrix_weighted_20,6,16,3.56250000000014,2.3124999999995,2.25000000000009
review-loop-common-serial,min_by10_weighted_20,1,64,0.609375000000023,0.562500000000021,0.546874999999947
review-loop-common-serial,min_by10_weighted_20,2,64,0.593749999999948,0.562500000000021,0.546874999999947
review-loop-common-serial,min_by10_weighted_20,3,64,0.625000000000098,0.578125000000096,0.562500000000021
review-loop-common-serial,min_by10_weighted_20,4,64,0.609374999999801,0.531250000000094,0.51562500000002
review-loop-common-serial,min_by10_weighted_20,5,64,0.593749999999948,0.531249999999872,0.562500000000021
review-loop-common-serial,min_by10_weighted_20,6,64,0.609375000000023,0.531249999999872,0.531249999999872
review-loop-common-serial,max_matrix_weighted_20,1,16,3.50000000000072,2.25000000000009,2.25000000000009
review-loop-common-serial,max_matrix_weighted_20,2,16,3.50000000000072,2.25000000000009,2.25000000000009
review-loop-common-serial,max_matrix_weighted_20,3,16,3.56250000000014,2.2499999999992,2.2499999999992
review-loop-common-serial,max_matrix_weighted_20,4,16,3.50000000000072,2.37499999999979,2.31250000000038
review-loop-common-serial,max_matrix_weighted_20,5,16,3.81249999999955,2.50000000000039,2.50000000000039
review-loop-common-serial,max_matrix_weighted_20,6,16,3.68749999999984,2.31250000000038,2.4999999999995
review-loop-common-serial,max_by10_weighted_20,1,64,0.64062499999995,0.515624999999797,0.51562500000002
review-loop-common-serial,max_by10_weighted_20,2,64,0.609375000000023,0.51562500000002,0.51562500000002
review-loop-common-serial,max_by10_weighted_20,3,64,0.609375000000023,0.51562500000002,0.499999999999945
review-loop-common-serial,max_by10_weighted_20,4,64,0.624999999999876,0.499999999999945,0.500000000000167
review-loop-common-serial,max_by10_weighted_20,5,64,0.609375000000023,0.51562500000002,0.499999999999945
review-loop-common-serial,max_by10_weighted_20,6,64,0.578124999999874,0.51562500000002,0.500000000000167
review-loop-common-serial,var_matrix_weighted_20,1,4,11.5000000000016,11.5000000000016,11.5000000000016
review-loop-common-serial,var_matrix_weighted_20,2,4,11.2500000000004,11.7499999999993,11.5000000000016
review-loop-common-serial,var_matrix_weighted_20,3,4,11.4999999999981,12.0000000000005,12.0000000000005
review-loop-common-serial,var_matrix_weighted_20,4,4,11.2500000000004,12.0000000000005,13.0000000000017
review-loop-common-serial,var_matrix_weighted_20,5,4,11.5000000000016,12.0000000000005,12.0000000000005
review-loop-common-serial,var_matrix_weighted_20,6,4,11.5000000000016,12.0000000000005,12.2499999999981
review-loop-common-serial,var_by10_weighted_20,1,16,2.68749999999951,2.93749999999982,2.93749999999982
review-loop-common-serial,var_by10_weighted_20,2,16,2.68749999999951,3.00000000000011,2.9375000000007
review-loop-common-serial,var_by10_weighted_20,3,16,2.6250000000001,2.8750000000004,2.93749999999982
review-loop-common-serial,var_by10_weighted_20,4,16,2.68749999999951,2.9375000000007,2.8750000000004
review-loop-common-serial,var_by10_weighted_20,5,16,2.62499999999921,2.87499999999952,2.93749999999982
review-loop-common-serial,var_by10_weighted_20,6,16,2.6875000000004,3.00000000000011,2.8750000000004
review-loop-common-serial,sd_matrix_weighted_20,1,4,12.4999999999993,13.0000000000017,13.2500000000029
review-loop-common-serial,sd_matrix_weighted_20,2,4,12.0000000000005,12.9999999999981,12.5000000000028
review-loop-common-serial,sd_matrix_weighted_20,3,4,12.7500000000005,12.9999999999981,12.9999999999981
review-loop-common-serial,sd_matrix_weighted_20,4,4,12.7500000000005,12.7500000000005,12.4999999999993
review-loop-common-serial,sd_matrix_weighted_20,5,4,12.4999999999993,12.7500000000005,12.7500000000005
review-loop-common-serial,sd_matrix_weighted_20,6,4,12.0000000000005,12.4999999999993,12.7499999999969
review-loop-common-serial,sd_by10_weighted_20,1,16,2.74999999999981,3.06249999999952,3.00000000000011
review-loop-common-serial,sd_by10_weighted_20,2,16,2.74999999999981,3.00000000000011,3.00000000000011
review-loop-common-serial,sd_by10_weighted_20,3,16,2.81249999999922,3.06249999999952,3.00000000000011
review-loop-common-serial,sd_by10_weighted_20,4,16,2.74999999999981,3.00000000000011,3.12499999999982
review-loop-common-serial,sd_by10_weighted_20,5,16,2.7500000000007,3.00000000000011,3.00000000000011
review-loop-common-serial,sd_by10_weighted_20,6,16,2.74999999999981,2.9375000000007,3.06250000000041
review-loop-common-serial,sum_unweighted_1000_100k,1,64,0.593749999999948,0.625000000000098,0.64062499999995
review-loop-common-serial,sum_unweighted_1000_100k,2,64,0.625000000000098,0.609375000000023,0.625000000000098
review-loop-common-serial,sum_unweighted_1000_100k,3,64,0.578125000000096,0.625000000000098,0.59375000000017
review-loop-common-serial,sum_unweighted_1000_100k,4,64,0.625000000000098,0.609375000000023,0.609375000000023
review-loop-common-serial,sum_unweighted_1000_100k,5,64,0.593749999999948,0.624999999999876,0.64062499999995
review-loop-common-serial,sum_unweighted_1000_100k,6,64,0.562500000000021,0.624999999999876,0.578124999999874
review-loop-common-serial,mean_unweighted_1000_100k,1,64,0.624999999999876,0.687499999999952,0.765624999999881
review-loop-common-serial,mean_unweighted_1000_100k,2,64,0.624999999999876,0.671874999999877,0.765624999999881
review-loop-common-serial,mean_unweighted_1000_100k,3,64,0.640625000000172,0.703125000000027,0.750000000000028
review-loop-common-serial,mean_unweighted_1000_100k,4,64,0.593749999999948,0.656250000000025,0.765625000000103
review-loop-common-serial,mean_unweighted_1000_100k,5,64,0.64062499999995,0.703125000000027,0.750000000000028
review-loop-common-serial,mean_unweighted_1000_100k,6,64,0.64062499999995,0.687499999999952,0.765625000000103
review-loop-common-serial,prod_unweighted_1000_100k,1,64,0.671874999999877,0.828124999999957,0.828124999999957
review-loop-common-serial,prod_unweighted_1000_100k,2,64,0.625000000000098,0.828124999999957,0.843750000000032
review-loop-common-serial,prod_unweighted_1000_100k,3,64,0.624999999999876,0.79687500000003,0.781249999999956
review-loop-common-serial,prod_unweighted_1000_100k,4,64,0.609375000000023,0.79687500000003,0.812500000000105
review-loop-common-serial,prod_unweighted_1000_100k,5,64,0.6718750000001,0.79687500000003,0.79687500000003
review-loop-common-serial,prod_unweighted_1000_100k,6,64,0.625000000000098,0.79687500000003,0.812500000000105
review-loop-common-serial,var_unweighted_1000_100k,1,64,0.906250000000108,0.95312500000011,0.874999999999959
review-loop-common-serial,var_unweighted_1000_100k,2,64,0.874999999999959,0.937500000000036,0.874999999999959
review-loop-common-serial,var_unweighted_1000_100k,3,64,0.843750000000032,0.874999999999959,0.874999999999959
review-loop-common-serial,var_unweighted_1000_100k,4,64,0.843750000000032,0.859375000000107,0.859375000000107
review-loop-common-serial,var_unweighted_1000_100k,5,64,0.874999999999959,0.890624999999812,0.843750000000032
review-loop-common-serial,var_unweighted_1000_100k,6,64,0.874999999999959,0.890625000000034,0.859374999999885
review-loop-common-serial,min_by1000_weighted_20,1,2048,0.0156249999999983,0.0170898437499983,0.018066406250003
review-loop-common-serial,min_by1000_weighted_20,2,2048,0.0156249999999983,0.0175781250000007,0.0170898437499983
review-loop-common-serial,min_by1000_weighted_20,3,2048,0.0166015625000029,0.0175781250000007,0.0180664062499961
review-loop-common-serial,min_by1000_weighted_20,4,2048,0.0161132812500006,0.0170898437499983,0.0175781250000007
review-loop-common-serial,min_by1000_weighted_20,5,2048,0.0156249999999983,0.0170898437499983,0.0175781250000007
review-loop-common-serial,min_by1000_weighted_20,6,2048,0.0156250000000052,0.0170898437499983,0.0170898437499983
review-loop-common-serial,var_by1000_weighted_20,1,1024,0.0371093750000107,0.079101562500003,0.0771484374999937
review-loop-common-serial,var_by1000_weighted_20,2,1024,0.0371093750000107,0.0742187500000074,0.0722656249999981
review-loop-common-serial,var_by1000_weighted_20,3,1024,0.0380859374999876,0.0712890625000073,0.0732421874999889
review-loop-common-serial,var_by1000_weighted_20,4,1024,0.036132812500006,0.072265625000012,0.0712890625000073
review-loop-common-serial,var_by1000_weighted_20,5,1024,0.0371093750000107,0.0712890625000073,0.0712890625000073
review-loop-common-serial,var_by1000_weighted_20,6,1024,0.036132812500006,0.0712890625000073,0.0751953124999982
review-loop-dispatch,sum_outputs_1,1,128,,0.2578125,0.2578125
review-loop-dispatch,sum_outputs_1,2,128,,0.2578125,0.257812499999999
review-loop-dispatch,sum_outputs_1,3,128,,0.25,0.265624999999999
review-loop-dispatch,sum_outputs_1,4,128,,0.2578125,0.2578125
review-loop-dispatch,sum_outputs_1,5,128,,0.265624999999999,0.273437499999999
review-loop-dispatch,sum_outputs_1,6,128,,0.265625,0.257812499999999
review-loop-dispatch,sum_outputs_1,7,128,,0.257812499999999,0.273437499999999
review-loop-dispatch,sum_outputs_2,1,128,,0.273437499999999,0.265624999999999
review-loop-dispatch,sum_outputs_2,2,128,,0.273437499999999,0.273437499999999
review-loop-dispatch,sum_outputs_2,3,128,,0.265625,0.265625
review-loop-dispatch,sum_outputs_2,4,128,,0.257812500000001,0.265625
review-loop-dispatch,sum_outputs_2,5,128,,0.265625,0.265625
review-loop-dispatch,sum_outputs_2,6,128,,0.265625,0.25
review-loop-dispatch,sum_outputs_2,7,128,,0.273437499999999,0.265625
review-loop-dispatch,sum_outputs_4,1,128,,0.265624999999999,0.289062499999999
review-loop-dispatch,sum_outputs_4,2,128,,0.273437500000001,0.273437500000001
review-loop-dispatch,sum_outputs_4,3,128,,0.28125,0.265625000000002
review-loop-dispatch,sum_outputs_4,4,128,,0.28125,0.28125
review-loop-dispatch,sum_outputs_4,5,128,,0.273437500000001,0.273437500000001
review-loop-dispatch,sum_outputs_4,6,128,,0.28125,0.28125
review-loop-dispatch,sum_outputs_4,7,128,,0.28125,0.289062499999999
review-loop-dispatch,sum_outputs_5,1,128,,0.289062499999999,0.28125
review-loop-dispatch,sum_outputs_5,2,128,,0.289062499999999,0.28125
review-loop-dispatch,sum_outputs_5,3,128,,0.289062499999999,0.273437499999998
review-loop-dispatch,sum_outputs_5,4,128,,0.28125,0.289062499999999
review-loop-dispatch,sum_outputs_5,5,128,,0.289062499999999,0.296875000000002
review-loop-dispatch,sum_outputs_5,6,128,,0.289062499999999,0.289062499999999
review-loop-dispatch,sum_outputs_5,7,128,,0.28125,0.273437500000001
review-loop-dispatch,sum_outputs_8,1,128,,0.273437499999998,0.28125
review-loop-dispatch,sum_outputs_8,2,128,,0.296875000000002,0.289062499999999
review-loop-dispatch,sum_outputs_8,3,128,,0.28125,0.281249999999997
review-loop-dispatch,sum_outputs_8,4,128,,0.281249999999997,0.335937500000001
review-loop-dispatch,sum_outputs_8,5,128,,0.289062499999999,0.273437500000001
review-loop-dispatch,sum_outputs_8,6,128,,0.289062499999999,0.281250000000004
review-loop-dispatch,sum_outputs_8,7,128,,0.289062499999999,0.289062500000006
review-loop-dispatch,sum_outputs_9,1,128,,0.289062499999999,0.289062499999999
review-loop-dispatch,sum_outputs_9,2,128,,0.281249999999997,0.273437500000001
review-loop-dispatch,sum_outputs_9,3,128,,0.289062499999999,0.281250000000004
review-loop-dispatch,sum_outputs_9,4,128,,0.289062499999999,0.281250000000004
review-loop-dispatch,sum_outputs_9,5,128,,0.281249999999997,0.351562499999999
review-loop-dispatch,sum_outputs_9,6,128,,0.281250000000004,0.289062500000006
review-loop-dispatch,sum_outputs_9,7,128,,0.281250000000004,0.257812500000003
review-loop-dispatch,sum_outputs_12,1,128,,0.289062499999999,0.289062499999999
review-loop-dispatch,sum_outputs_12,2,128,,0.304687499999998,0.296875000000002
review-loop-dispatch,sum_outputs_12,3,128,,0.296875000000002,0.273437500000001
review-loop-dispatch,sum_outputs_12,4,128,,0.273437499999994,0.289062499999999
review-loop-dispatch,sum_outputs_12,5,128,,0.289062499999999,0.273437500000001
review-loop-dispatch,sum_outputs_12,6,128,,0.281250000000004,0.265625000000005
review-loop-dispatch,sum_outputs_12,7,128,,0.296874999999995,0.273437500000001
review-loop-dispatch,sum_outputs_16,1,128,,0.289062499999999,0.289062499999999
review-loop-dispatch,sum_outputs_16,2,128,,0.296874999999995,0.281250000000004
review-loop-dispatch,sum_outputs_16,3,128,,0.265624999999999,0.296874999999995
review-loop-dispatch,sum_outputs_16,4,128,,0.289062499999999,0.281250000000004
review-loop-dispatch,sum_outputs_16,5,128,,0.281249999999997,0.296875000000002
review-loop-dispatch,sum_outputs_16,6,128,,0.281249999999997,0.289062499999999
review-loop-dispatch,sum_outputs_16,7,128,,0.273437500000001,0.281250000000004
review-loop-dispatch,sum_outputs_17,1,128,,0.320312500000003,0.328124999999999
review-loop-dispatch,sum_outputs_17,2,128,,0.3125,0.304687500000005
review-loop-dispatch,sum_outputs_17,3,128,,0.296875000000002,0.296874999999995
review-loop-dispatch,sum_outputs_17,4,128,,0.304687500000005,0.304687500000005
review-loop-dispatch,sum_outputs_17,5,128,,0.304687499999998,0.296875000000002
review-loop-dispatch,sum_outputs_17,6,128,,0.289062499999999,0.304687500000005
review-loop-dispatch,sum_outputs_17,7,128,,0.304687500000005,0.320312500000003
review-loop-dispatch,sum_na_stride3_outputs_1,1,128,,0.289062499999999,0.265625000000005
review-loop-dispatch,sum_na_stride3_outputs_1,2,128,,0.265625000000005,0.265625000000005
review-loop-dispatch,sum_na_stride3_outputs_1,3,128,,0.265625000000005,0.265625000000005
review-loop-dispatch,sum_na_stride3_outputs_1,4,128,,0.273437500000001,0.273437500000001
review-loop-dispatch,sum_na_stride3_outputs_1,5,128,,0.257812499999996,0.265625000000005
review-loop-dispatch,sum_na_stride3_outputs_1,6,128,,0.257812499999996,0.257812499999996
review-loop-dispatch,sum_na_stride3_outputs_1,7,128,,0.257812499999996,0.273437500000001
review-loop-dispatch,sum_na_stride3_outputs_4,1,128,,0.281249999999997,0.281249999999997
review-loop-dispatch,sum_na_stride3_outputs_4,2,128,,0.289062499999992,0.289062499999992
review-loop-dispatch,sum_na_stride3_outputs_4,3,128,,0.273437500000001,0.281250000000011
review-loop-dispatch,sum_na_stride3_outputs_4,4,128,,0.273437500000001,0.273437500000001
review-loop-dispatch,sum_na_stride3_outputs_4,5,128,,0.273437500000001,0.273437500000001
review-loop-dispatch,sum_na_stride3_outputs_4,6,128,,0.281249999999997,0.273437500000001
review-loop-dispatch,sum_na_stride3_outputs_4,7,128,,0.289062499999992,0.289062500000006
review-loop-dispatch,sum_na_stride3_outputs_8,1,128,,0.281249999999997,0.281249999999997
review-loop-dispatch,sum_na_stride3_outputs_8,2,128,,0.296874999999988,0.296875000000002
review-loop-dispatch,sum_na_stride3_outputs_8,3,128,,0.289062499999992,0.281249999999997
review-loop-dispatch,sum_na_stride3_outputs_8,4,128,,0.296875000000002,0.281249999999997
review-loop-dispatch,sum_na_stride3_outputs_8,5,128,,0.281249999999997,0.289062499999992
review-loop-dispatch,sum_na_stride3_outputs_8,6,128,,0.273437500000001,0.289062500000006
review-loop-dispatch,sum_na_stride3_outputs_8,7,128,,0.296875000000002,0.289062500000006
review-loop-dispatch,sum_na_stride3_outputs_16,1,128,,0.281249999999997,0.289062500000006
review-loop-dispatch,sum_na_stride3_outputs_16,2,128,,0.273437500000001,0.281249999999997
review-loop-dispatch,sum_na_stride3_outputs_16,3,128,,0.281250000000011,0.273437500000001
review-loop-dispatch,sum_na_stride3_outputs_16,4,128,,0.281249999999997,0.289062500000006
review-loop-dispatch,sum_na_stride3_outputs_16,5,128,,0.289062500000006,0.296875000000002
review-loop-dispatch,sum_na_stride3_outputs_16,6,128,,0.296875000000002,0.289062499999992
review-loop-dispatch,sum_na_stride3_outputs_16,7,128,,0.289062500000006,0.296875000000002
review-loop-dispatch,sum_matrix_outputs_1,1,512,,0.0976562500000014,0.0937500000000001
review-loop-dispatch,sum_matrix_outputs_1,2,512,,0.0976562500000014,0.0937500000000001
review-loop-dispatch,sum_matrix_outputs_1,3,512,,0.0996093749999968,0.095703124999999
review-loop-dispatch,sum_matrix_outputs_1,4,512,,0.0976562500000014,0.0937500000000001
review-loop-dispatch,sum_matrix_outputs_1,5,512,,0.0976562500000014,0.0917968749999977
review-loop-dispatch,sum_matrix_outputs_1,6,512,,0.095703124999999,0.0917968749999977
review-loop-dispatch,sum_matrix_outputs_1,7,512,,0.0937500000000001,0.0917968749999977
review-loop-dispatch,sum_matrix_outputs_4,1,512,,0.0976562500000014,0.0976562499999979
review-loop-dispatch,sum_matrix_outputs_4,2,512,,0.0976562499999979,0.095703124999999
review-loop-dispatch,sum_matrix_outputs_4,3,512,,0.0976562500000014,0.095703124999999
review-loop-dispatch,sum_matrix_outputs_4,4,512,,0.0996093749999968,0.0937500000000001
review-loop-dispatch,sum_matrix_outputs_4,5,512,,0.0976562500000014,0.0996093750000003
review-loop-dispatch,sum_matrix_outputs_4,6,512,,0.0996093750000003,0.0976562499999979
review-loop-dispatch,sum_matrix_outputs_4,7,512,,0.101562499999999,0.0976562500000014
review-loop-dispatch,sum_matrix_outputs_16,1,512,,0.101562499999999,0.0996093750000003
review-loop-dispatch,sum_matrix_outputs_16,2,512,,0.101562499999999,0.0976562499999979
review-loop-dispatch,sum_matrix_outputs_16,3,512,,0.101562499999999,0.103515624999998
review-loop-dispatch,sum_matrix_outputs_16,4,512,,0.101562500000003,0.103515625000002
review-loop-dispatch,sum_matrix_outputs_16,5,512,,0.101562499999999,0.0996093750000003
review-loop-dispatch,sum_matrix_outputs_16,6,512,,0.101562499999999,0.0976562499999979
review-loop-dispatch,sum_matrix_outputs_16,7,512,,0.101562499999999,0.0976562499999979
review-loop-dispatch,sum_rolling_width_10,1,512,,0.0996093750000003,0.0996093750000003
review-loop-dispatch,sum_rolling_width_10,2,512,,0.0976562499999979,0.121093749999999
review-loop-dispatch,sum_rolling_width_10,3,512,,0.0976562499999979,0.0976562499999979
review-loop-dispatch,sum_rolling_width_10,4,512,,0.101562499999999,0.0976562500000014
review-loop-dispatch,sum_rolling_width_10,5,512,,0.0976562500000014,0.101562499999999
review-loop-dispatch,sum_rolling_width_10,6,512,,0.0976562499999979,0.0976562500000014
review-loop-dispatch,sum_rolling_width_10,7,512,,0.095703124999999,0.0976562499999979
review-loop-dispatch,sum_rolling_width_1000,1,64,,0.624999999999987,0.593750000000004
review-loop-dispatch,sum_rolling_width_1000,2,64,,0.656249999999997,0.609374999999995
review-loop-dispatch,sum_rolling_width_1000,3,64,,0.640625000000006,0.593750000000004
review-loop-dispatch,sum_rolling_width_1000,4,64,,0.640625000000006,0.593750000000004
review-loop-dispatch,sum_rolling_width_1000,5,64,,0.640624999999978,0.624999999999987
review-loop-dispatch,sum_rolling_width_1000,6,64,,0.656249999999969,0.624999999999987
review-loop-dispatch,sum_rolling_width_1000,7,64,,0.656250000000025,0.624999999999987
review-loop-dispatch,mean_outputs_1,1,128,,0.273437500000001,0.25781250000001
review-loop-dispatch,mean_outputs_1,2,128,,0.273437500000001,0.265625000000019
review-loop-dispatch,mean_outputs_1,3,128,,0.289062499999992,0.25
review-loop-dispatch,mean_outputs_1,4,128,,0.273437500000001,0.25781250000001
review-loop-dispatch,mean_outputs_1,5,128,,0.265625000000019,0.242187499999991
review-loop-dispatch,mean_outputs_1,6,128,,0.281250000000011,0.257812499999982
review-loop-dispatch,mean_outputs_1,7,128,,0.273437500000001,0.265625000000019
review-loop-dispatch,mean_outputs_2,1,128,,0.265624999999992,0.265625000000019
review-loop-dispatch,mean_outputs_2,2,128,,0.273437500000001,0.265624999999992
review-loop-dispatch,mean_outputs_2,3,128,,0.265624999999992,0.257812499999982
review-loop-dispatch,mean_outputs_2,4,128,,0.273437500000001,0.265624999999992
review-loop-dispatch,mean_outputs_2,5,128,,0.273437500000001,0.265624999999992
review-loop-dispatch,mean_outputs_2,6,128,,0.25781250000001,0.273437500000001
review-loop-dispatch,mean_outputs_2,7,128,,0.273437500000001,0.265624999999992
review-loop-dispatch,mean_outputs_4,1,128,,0.273437500000001,0.25781250000001
review-loop-dispatch,mean_outputs_4,2,128,,0.281250000000011,0.273437500000001
review-loop-dispatch,mean_outputs_4,3,128,,0.281250000000011,0.273437500000001
review-loop-dispatch,mean_outputs_4,4,128,,0.281250000000011,0.273437500000001
review-loop-dispatch,mean_outputs_4,5,128,,0.273437500000001,0.265624999999992
review-loop-dispatch,mean_outputs_4,6,128,,0.289062499999992,0.281250000000011
review-loop-dispatch,mean_outputs_4,7,128,,0.281250000000011,0.265624999999992
review-loop-dispatch,mean_outputs_5,1,128,,0.273437500000001,0.289062499999992
review-loop-dispatch,mean_outputs_5,2,128,,0.296875000000002,0.281249999999983
review-loop-dispatch,mean_outputs_5,3,128,,0.289062499999992,0.273437500000001
review-loop-dispatch,mean_outputs_5,4,128,,0.265625000000019,0.273437500000001
review-loop-dispatch,mean_outputs_5,5,128,,0.281249999999983,0.265625000000019
review-loop-dispatch,mean_outputs_5,6,128,,0.289062499999992,0.265625000000019
review-loop-dispatch,mean_outputs_5,7,128,,0.281250000000011,0.281250000000011
review-loop-dispatch,mean_outputs_8,1,128,,0.273437500000001,0.281249999999983
review-loop-dispatch,mean_outputs_8,2,128,,0.28906250000002,0.273437500000001
review-loop-dispatch,mean_outputs_8,3,128,,0.296875000000002,0.265624999999992
review-loop-dispatch,mean_outputs_8,4,128,,0.289062499999992,0.281250000000011
review-loop-dispatch,mean_outputs_8,5,128,,0.281250000000011,0.265624999999992
review-loop-dispatch,mean_outputs_8,6,128,,0.28906250000002,0.257812499999982
review-loop-dispatch,mean_outputs_8,7,128,,0.281250000000011,0.25781250000001
review-loop-dispatch,mean_outputs_9,1,128,,0.281249999999983,0.265624999999992
review-loop-dispatch,mean_outputs_9,2,128,,0.281250000000011,0.273437500000001
review-loop-dispatch,mean_outputs_9,3,128,,0.296875000000002,0.273437500000001
review-loop-dispatch,mean_outputs_9,4,128,,0.273437500000001,0.273437500000001
review-loop-dispatch,mean_outputs_9,5,128,,0.273437500000001,0.25781250000001
review-loop-dispatch,mean_outputs_9,6,128,,0.273437500000001,0.273437500000001
review-loop-dispatch,mean_outputs_9,7,128,,0.281249999999983,0.257812499999982
review-loop-dispatch,mean_outputs_12,1,128,,0.281249999999983,0.265625000000019
review-loop-dispatch,mean_outputs_12,2,128,,0.289062499999992,0.265625000000019
review-loop-dispatch,mean_outputs_12,3,128,,0.273437500000001,0.273437500000001
review-loop-dispatch,mean_outputs_12,4,128,,0.281250000000011,0.265625000000019
review-loop-dispatch,mean_outputs_12,5,128,,0.281250000000011,0.25781250000001
review-loop-dispatch,mean_outputs_12,6,128,,0.281250000000011,0.25
review-loop-dispatch,mean_outputs_12,7,128,,0.289062499999992,0.25
review-loop-dispatch,mean_outputs_16,1,128,,0.273437500000001,0.265625000000019
review-loop-dispatch,mean_outputs_16,2,128,,0.273437500000001,0.25
review-loop-dispatch,mean_outputs_16,3,128,,0.281250000000011,0.249999999999972
review-loop-dispatch,mean_outputs_16,4,128,,0.281250000000011,0.265624999999992
review-loop-dispatch,mean_outputs_16,5,128,,0.289062499999992,0.257812499999982
review-loop-dispatch,mean_outputs_16,6,128,,0.281249999999983,0.265624999999992
review-loop-dispatch,mean_outputs_16,7,128,,0.281250000000011,0.25
review-loop-dispatch,mean_outputs_17,1,128,,0.296875000000002,0.296875000000002
review-loop-dispatch,mean_outputs_17,2,128,,0.296875000000002,0.296875000000002
review-loop-dispatch,mean_outputs_17,3,128,,0.296875000000002,0.304687499999984
review-loop-dispatch,mean_outputs_17,4,128,,0.312499999999993,0.296875000000002
review-loop-dispatch,mean_outputs_17,5,128,,0.304687500000012,0.304687500000012
review-loop-dispatch,mean_outputs_17,6,128,,0.296875000000002,0.296875000000002
review-loop-dispatch,mean_outputs_17,7,128,,0.296875000000002,0.304687500000012
review-loop-dispatch,mean_na_stride3_outputs_1,1,128,,0.281250000000011,0.273437500000001
review-loop-dispatch,mean_na_stride3_outputs_1,2,128,,0.289062499999992,0.281249999999983
review-loop-dispatch,mean_na_stride3_outputs_1,3,128,,0.281250000000011,0.273437500000001
review-loop-dispatch,mean_na_stride3_outputs_1,4,128,,0.273437500000001,0.273437500000001
review-loop-dispatch,mean_na_stride3_outputs_1,5,128,,0.289062499999992,0.257812499999982
review-loop-dispatch,mean_na_stride3_outputs_1,6,128,,0.265624999999992,0.273437500000001
review-loop-dispatch,mean_na_stride3_outputs_1,7,128,,0.281250000000011,0.273437500000001
review-loop-dispatch,mean_na_stride3_outputs_4,1,128,,0.273437500000001,0.281250000000011
review-loop-dispatch,mean_na_stride3_outputs_4,2,128,,0.289062499999992,0.281250000000011
review-loop-dispatch,mean_na_stride3_outputs_4,3,128,,0.281250000000011,0.273437500000001
review-loop-dispatch,mean_na_stride3_outputs_4,4,128,,0.289062499999992,0.281250000000011
review-loop-dispatch,mean_na_stride3_outputs_4,5,128,,0.273437500000001,0.273437500000001
review-loop-dispatch,mean_na_stride3_outputs_4,6,128,,0.281250000000011,0.273437500000001
review-loop-dispatch,mean_na_stride3_outputs_4,7,128,,0.281250000000011,0.273437500000001
review-loop-dispatch,mean_na_stride3_outputs_8,1,128,,0.28906250000002,0.273437500000001
review-loop-dispatch,mean_na_stride3_outputs_8,2,128,,0.281249999999983,0.289062499999992
review-loop-dispatch,mean_na_stride3_outputs_8,3,128,,0.281250000000011,0.281250000000011
review-loop-dispatch,mean_na_stride3_outputs_8,4,128,,0.296875000000002,0.296875000000002
review-loop-dispatch,mean_na_stride3_outputs_8,5,128,,0.28906250000002,0.281249999999983
review-loop-dispatch,mean_na_stride3_outputs_8,6,128,,0.289062499999992,0.281250000000011
review-loop-dispatch,mean_na_stride3_outputs_8,7,128,,0.289062499999992,0.281250000000011
review-loop-dispatch,mean_na_stride3_outputs_16,1,128,,0.28906250000002,0.273437500000001
review-loop-dispatch,mean_na_stride3_outputs_16,2,128,,0.273437500000001,0.281249999999983
review-loop-dispatch,mean_na_stride3_outputs_16,3,128,,0.304687499999984,0.273437500000001
review-loop-dispatch,mean_na_stride3_outputs_16,4,128,,0.289062499999992,0.28906250000002
review-loop-dispatch,mean_na_stride3_outputs_16,5,128,,0.304687499999984,0.281250000000011
review-loop-dispatch,mean_na_stride3_outputs_16,6,128,,0.289062499999992,0.281250000000011
review-loop-dispatch,mean_na_stride3_outputs_16,7,128,,0.273437500000001,0.273437500000001
review-loop-dispatch,mean_matrix_outputs_1,1,512,,0.095703124999999,0.0898437499999988
review-loop-dispatch,mean_matrix_outputs_1,2,512,,0.0937499999999966,0.0898437499999988
review-loop-dispatch,mean_matrix_outputs_1,3,512,,0.095703124999999,0.0917968749999942
review-loop-dispatch,mean_matrix_outputs_1,4,512,,0.0917968750000012,0.0878906249999964
review-loop-dispatch,mean_matrix_outputs_1,5,512,,0.0917968750000012,0.0917968750000012
review-loop-dispatch,mean_matrix_outputs_1,6,512,,0.0976562500000014,0.0917968750000012
review-loop-dispatch,mean_matrix_outputs_1,7,512,,0.0917968750000012,0.095703124999999
review-loop-dispatch,mean_matrix_outputs_4,1,512,,0.095703124999999,0.095703124999999
review-loop-dispatch,mean_matrix_outputs_4,2,512,,0.095703124999999,0.0957031250000059
review-loop-dispatch,mean_matrix_outputs_4,3,512,,0.0976562500000014,0.0976562500000014
review-loop-dispatch,mean_matrix_outputs_4,4,512,,0.0996093749999968,0.095703124999999
review-loop-dispatch,mean_matrix_outputs_4,5,512,,0.0976562499999944,0.0976562500000014
review-loop-dispatch,mean_matrix_outputs_4,6,512,,0.0996093749999968,0.0898437499999988
review-loop-dispatch,mean_matrix_outputs_4,7,512,,0.0996093749999968,0.0937500000000036
review-loop-dispatch,mean_matrix_outputs_16,1,512,,0.0996093749999968,0.0976562499999944
review-loop-dispatch,mean_matrix_outputs_16,2,512,,0.0996093750000038,0.0976562500000014
review-loop-dispatch,mean_matrix_outputs_16,3,512,,0.0996093749999968,0.0976562500000014
review-loop-dispatch,mean_matrix_outputs_16,4,512,,0.101562499999999,0.0976562500000014
review-loop-dispatch,mean_matrix_outputs_16,5,512,,0.0996093749999968,0.0976562500000014
review-loop-dispatch,mean_matrix_outputs_16,6,512,,0.101562500000006,0.0996093749999968
review-loop-dispatch,mean_matrix_outputs_16,7,512,,0.101562499999999,0.095703124999999
review-loop-dispatch,mean_rolling_width_10,1,512,,0.132812499999996,0.109375000000002
review-loop-dispatch,mean_rolling_width_10,2,512,,0.111328124999997,0.109375000000002
review-loop-dispatch,mean_rolling_width_10,3,512,,0.11328125,0.111328125000004
review-loop-dispatch,mean_rolling_width_10,4,512,,0.111328125000004,0.107421874999999
review-loop-dispatch,mean_rolling_width_10,5,512,,0.107421874999999,0.109375000000002
review-loop-dispatch,mean_rolling_width_10,6,512,,0.109375000000002,0.111328125000004
review-loop-dispatch,mean_rolling_width_10,7,512,,0.107421874999999,0.107421874999999
review-loop-dispatch,mean_rolling_width_1000,1,64,,0.703125000000027,0.703125000000027
review-loop-dispatch,mean_rolling_width_1000,2,64,,0.687500000000008,0.703124999999971
review-loop-dispatch,mean_rolling_width_1000,3,64,,0.71874999999999,0.71874999999999
review-loop-dispatch,mean_rolling_width_1000,4,64,,0.703124999999971,0.687500000000008
review-loop-dispatch,mean_rolling_width_1000,5,64,,0.718750000000046,0.703124999999971
review-loop-dispatch,mean_rolling_width_1000,6,64,,0.734375000000009,0.703124999999971
review-loop-dispatch,mean_rolling_width_1000,7,64,,0.703124999999916,0.734374999999954
review-loop-dispatch,var_outputs_1,1,64,,0.79687500000003,0.796874999999919
review-loop-dispatch,var_outputs_1,2,64,,0.812499999999994,0.812499999999994
review-loop-dispatch,var_outputs_1,3,64,,0.79687500000003,0.79687500000003
review-loop-dispatch,var_outputs_1,4,64,,0.812499999999994,0.79687500000003
review-loop-dispatch,var_outputs_1,5,64,,0.812499999999994,0.796874999999919
review-loop-dispatch,var_outputs_1,6,64,,0.79687500000003,0.781249999999956
review-loop-dispatch,var_outputs_1,7,64,,0.828124999999957,0.79687500000003
review-loop-dispatch,var_outputs_2,1,64,,0.812500000000105,0.79687500000003
review-loop-dispatch,var_outputs_2,2,64,,0.812500000000105,0.812499999999994
review-loop-dispatch,var_outputs_2,3,64,,0.812500000000105,0.828125000000068
review-loop-dispatch,var_outputs_2,4,64,,0.812499999999994,0.812499999999994
review-loop-dispatch,var_outputs_2,5,64,,0.828124999999957,0.812499999999994
review-loop-dispatch,var_outputs_2,6,64,,0.79687500000003,0.796874999999919
review-loop-dispatch,var_outputs_2,7,64,,0.812499999999994,0.812499999999994
review-loop-dispatch,var_outputs_4,1,64,,0.812499999999994,0.828124999999957
review-loop-dispatch,var_outputs_4,2,64,,0.843749999999921,0.812499999999994
review-loop-dispatch,var_outputs_4,3,64,,0.828124999999957,0.79687500000003
review-loop-dispatch,var_outputs_4,4,64,,0.796874999999919,0.828125000000068
review-loop-dispatch,var_outputs_4,5,64,,0.812499999999994,0.828124999999957
review-loop-dispatch,var_outputs_4,6,64,,0.812499999999994,0.812499999999994
review-loop-dispatch,var_outputs_4,7,64,,0.812499999999994,0.812499999999994
review-loop-dispatch,var_outputs_5,1,64,,0.812499999999994,0.79687500000003
review-loop-dispatch,var_outputs_5,2,64,,0.79687500000003,0.796874999999919
review-loop-dispatch,var_outputs_5,3,64,,0.79687500000003,0.796874999999919
review-loop-dispatch,var_outputs_5,4,64,,0.796874999999919,0.79687500000003
review-loop-dispatch,var_outputs_5,5,64,,0.79687500000003,0.812499999999994
review-loop-dispatch,var_outputs_5,6,64,,0.79687500000003,0.796874999999919
review-loop-dispatch,var_outputs_5,7,64,,0.781250000000067,0.796874999999919
review-loop-dispatch,var_outputs_8,1,64,,0.781249999999956,0.79687500000003
review-loop-dispatch,var_outputs_8,2,64,,0.812499999999994,0.796874999999919
review-loop-dispatch,var_outputs_8,3,64,,0.812499999999994,0.796874999999919
review-loop-dispatch,var_outputs_8,4,64,,0.812499999999994,0.79687500000003
review-loop-dispatch,var_outputs_8,5,64,,0.812499999999994,0.812499999999994
review-loop-dispatch,var_outputs_8,6,64,,0.79687500000003,0.812499999999994
review-loop-dispatch,var_outputs_8,7,64,,0.796874999999919,0.859374999999996
review-loop-dispatch,var_outputs_9,1,64,,0.796874999999919,0.828125000000068
review-loop-dispatch,var_outputs_9,2,64,,0.890624999999923,0.812499999999994
review-loop-dispatch,var_outputs_9,3,64,,0.828125000000068,0.812499999999994
review-loop-dispatch,var_outputs_9,4,64,,0.828125000000068,0.812499999999994
review-loop-dispatch,var_outputs_9,5,64,,0.828124999999957,0.812499999999994
review-loop-dispatch,var_outputs_9,6,64,,0.812499999999994,0.79687500000003
review-loop-dispatch,var_outputs_9,7,64,,0.828124999999957,0.812499999999994
review-loop-dispatch,var_outputs_12,1,64,,0.812499999999994,0.79687500000003
review-loop-dispatch,var_outputs_12,2,64,,0.812499999999994,0.79687500000003
review-loop-dispatch,var_outputs_12,3,64,,0.828125000000068,0.812499999999994
review-loop-dispatch,var_outputs_12,4,64,,0.812499999999994,0.796874999999919
review-loop-dispatch,var_outputs_12,5,64,,0.812499999999994,0.828124999999957
review-loop-dispatch,var_outputs_12,6,64,,0.812499999999994,0.796874999999919
review-loop-dispatch,var_outputs_12,7,64,,0.812499999999994,0.843750000000032
review-loop-dispatch,var_outputs_16,1,64,,0.812499999999994,0.828125000000068
review-loop-dispatch,var_outputs_16,2,64,,0.812499999999994,0.828125000000068
review-loop-dispatch,var_outputs_16,3,64,,0.812499999999994,0.79687500000003
review-loop-dispatch,var_outputs_16,4,64,,0.812500000000105,0.79687500000003
review-loop-dispatch,var_outputs_16,5,64,,0.812499999999994,0.812499999999994
review-loop-dispatch,var_outputs_16,6,64,,0.812499999999994,0.828124999999957
review-loop-dispatch,var_outputs_16,7,64,,0.828125000000068,0.812500000000105
review-loop-dispatch,var_outputs_17,1,64,,0.79687500000003,0.796874999999919
review-loop-dispatch,var_outputs_17,2,64,,0.79687500000003,0.812499999999994
review-loop-dispatch,var_outputs_17,3,64,,0.79687500000003,0.796874999999919
review-loop-dispatch,var_outputs_17,4,64,,0.812499999999994,0.812499999999994
review-loop-dispatch,var_outputs_17,5,64,,0.812499999999994,0.79687500000003
review-loop-dispatch,var_outputs_17,6,64,,0.796874999999919,0.812499999999994
review-loop-dispatch,var_outputs_17,7,64,,0.812499999999994,0.796874999999919
review-loop-dispatch,var_na_stride3_outputs_1,1,64,,0.79687500000003,0.79687500000003
review-loop-dispatch,var_na_stride3_outputs_1,2,64,,0.812499999999994,0.812500000000105
review-loop-dispatch,var_na_stride3_outputs_1,3,64,,0.79687500000003,0.79687500000003
review-loop-dispatch,var_na_stride3_outputs_1,4,64,,0.79687500000003,0.79687500000003
review-loop-dispatch,var_na_stride3_outputs_1,5,64,,0.79687500000003,0.79687500000003
review-loop-dispatch,var_na_stride3_outputs_1,6,64,,0.79687500000003,0.796874999999919
review-loop-dispatch,var_na_stride3_outputs_1,7,64,,0.812499999999994,0.812499999999994
review-loop-dispatch,var_na_stride3_outputs_4,1,64,,0.796874999999919,0.796874999999919
review-loop-dispatch,var_na_stride3_outputs_4,2,64,,0.79687500000003,0.79687500000003
review-loop-dispatch,var_na_stride3_outputs_4,3,64,,0.79687500000003,0.79687500000003
review-loop-dispatch,var_na_stride3_outputs_4,4,64,,0.79687500000003,0.79687500000003
review-loop-dispatch,var_na_stride3_outputs_4,5,64,,0.812499999999994,0.79687500000003
review-loop-dispatch,var_na_stride3_outputs_4,6,64,,0.79687500000003,0.781250000000067
review-loop-dispatch,var_na_stride3_outputs_4,7,64,,0.79687500000003,0.79687500000003
review-loop-dispatch,var_na_stride3_outputs_8,1,64,,0.79687500000003,0.781249999999956
review-loop-dispatch,var_na_stride3_outputs_8,2,64,,0.79687500000003,0.781249999999956
review-loop-dispatch,var_na_stride3_outputs_8,3,64,,0.79687500000003,0.781249999999956
review-loop-dispatch,var_na_stride3_outputs_8,4,64,,0.79687500000003,0.781249999999956
review-loop-dispatch,var_na_stride3_outputs_8,5,64,,0.79687500000003,0.781249999999956
review-loop-dispatch,var_na_stride3_outputs_8,6,64,,0.781250000000067,0.781250000000067
review-loop-dispatch,var_na_stride3_outputs_8,7,64,,0.79687500000003,0.781249999999956
review-loop-dispatch,var_na_stride3_outputs_16,1,64,,0.79687500000003,0.79687500000003
review-loop-dispatch,var_na_stride3_outputs_16,2,64,,0.79687500000003,0.781249999999956
review-loop-dispatch,var_na_stride3_outputs_16,3,64,,0.79687500000003,0.796874999999919
review-loop-dispatch,var_na_stride3_outputs_16,4,64,,0.79687500000003,0.781249999999956
review-loop-dispatch,var_na_stride3_outputs_16,5,64,,0.812499999999994,0.796874999999919
review-loop-dispatch,var_na_stride3_outputs_16,6,64,,0.79687500000003,0.796874999999919
review-loop-dispatch,var_na_stride3_outputs_16,7,64,,0.79687500000003,0.781250000000067
review-loop-dispatch,var_matrix_outputs_1,1,128,,0.265624999999992,0.281250000000011
review-loop-dispatch,var_matrix_outputs_1,2,128,,0.281250000000011,0.273437499999973
review-loop-dispatch,var_matrix_outputs_1,3,128,,0.281249999999955,0.273437499999973
review-loop-dispatch,var_matrix_outputs_1,4,128,,0.273437500000029,0.281250000000011
review-loop-dispatch,var_matrix_outputs_1,5,128,,0.273437500000029,0.265624999999992
review-loop-dispatch,var_matrix_outputs_1,6,128,,0.265625000000047,0.265624999999992
review-loop-dispatch,var_matrix_outputs_1,7,128,,0.265624999999992,0.265624999999992
review-loop-dispatch,var_matrix_outputs_4,1,128,,0.273437499999973,0.265625000000047
review-loop-dispatch,var_matrix_outputs_4,2,128,,0.273437499999973,0.273437500000029
review-loop-dispatch,var_matrix_outputs_4,3,128,,0.273437499999973,0.273437500000029
review-loop-dispatch,var_matrix_outputs_4,4,128,,0.273437499999973,0.265624999999992
review-loop-dispatch,var_matrix_outputs_4,5,128,,0.273437499999973,0.265624999999992
review-loop-dispatch,var_matrix_outputs_4,6,128,,0.273437500000029,0.265624999999992
review-loop-dispatch,var_matrix_outputs_4,7,128,,0.273437500000029,0.265625000000047
review-loop-dispatch,var_matrix_outputs_16,1,128,,0.273437500000029,0.273437500000029
review-loop-dispatch,var_matrix_outputs_16,2,128,,0.281250000000011,0.273437499999973
review-loop-dispatch,var_matrix_outputs_16,3,128,,0.273437500000029,0.273437500000029
review-loop-dispatch,var_matrix_outputs_16,4,128,,0.281250000000011,0.273437499999973
review-loop-dispatch,var_matrix_outputs_16,5,128,,0.273437500000029,0.273437499999973
review-loop-dispatch,var_matrix_outputs_16,6,128,,0.281250000000011,0.273437499999973
review-loop-dispatch,var_matrix_outputs_16,7,128,,0.281250000000011,0.273437500000029
review-loop-dispatch,var_rolling_width_10,1,64,,0.51562500000002,0.51562500000002
review-loop-dispatch,var_rolling_width_10,2,64,,0.515624999999909,0.500000000000056
review-loop-dispatch,var_rolling_width_10,3,64,,0.531249999999983,0.500000000000056
review-loop-dispatch,var_rolling_width_10,4,64,,0.499999999999945,0.515624999999909
review-loop-dispatch,var_rolling_width_10,5,64,,0.51562500000002,0.500000000000056
review-loop-dispatch,var_rolling_width_10,6,64,,0.500000000000056,0.515624999999909
review-loop-dispatch,var_rolling_width_10,7,64,,0.500000000000056,0.515624999999909
review-loop-dispatch,var_rolling_width_1000,1,64,,0.87500000000007,0.921874999999961
review-loop-dispatch,var_rolling_width_1000,2,64,,0.906249999999997,0.890624999999923
review-loop-dispatch,var_rolling_width_1000,3,64,,0.874999999999959,0.906249999999997
review-loop-dispatch,var_rolling_width_1000,4,64,,0.87500000000007,0.906249999999997
review-loop-dispatch,var_rolling_width_1000,5,64,,0.87500000000007,0.906249999999997
review-loop-dispatch,var_rolling_width_1000,6,64,,0.874999999999959,0.906249999999997
review-loop-dispatch,var_rolling_width_1000,7,64,,0.906249999999997,0.937499999999925
review-loop-dispatch,prod_outputs_1,1,512,,0.0898437499999988,0.0917968750000081
review-loop-dispatch,prod_outputs_1,2,512,,0.0898437499999988,0.0898437499999988
review-loop-dispatch,prod_outputs_1,3,512,,0.0898437499999988,0.0898437499999988
review-loop-dispatch,prod_outputs_1,4,512,,0.0898437499999988,0.0917968750000081
review-loop-dispatch,prod_outputs_1,5,512,,0.0898437500000127,0.0898437499999988
review-loop-dispatch,prod_outputs_1,6,512,,0.0898437499999988,0.0898437499999988
review-loop-dispatch,prod_outputs_1,7,512,,0.0898437499999988,0.0917968750000081
review-loop-dispatch,prod_outputs_2,1,256,,0.171874999999988,0.167968749999997
review-loop-dispatch,prod_outputs_2,2,256,,0.171874999999988,0.171874999999988
review-loop-dispatch,prod_outputs_2,3,256,,0.167968750000025,0.171875000000016
review-loop-dispatch,prod_outputs_2,4,256,,0.171874999999988,0.167968749999997
review-loop-dispatch,prod_outputs_2,5,256,,0.171874999999988,0.171875000000016
review-loop-dispatch,prod_outputs_2,6,256,,0.171874999999988,0.167968749999997
review-loop-dispatch,prod_outputs_2,7,256,,0.171874999999988,0.167968749999997
review-loop-dispatch,prod_outputs_4,1,512,,0.095703124999999,0.0937500000000036
review-loop-dispatch,prod_outputs_4,2,512,,0.0937500000000036,0.0996093750000038
review-loop-dispatch,prod_outputs_4,3,512,,0.095703124999999,0.0937500000000036
review-loop-dispatch,prod_outputs_4,4,512,,0.0937500000000036,0.0937499999999897
review-loop-dispatch,prod_outputs_4,5,512,,0.0937500000000036,0.0937500000000036
review-loop-dispatch,prod_outputs_4,6,512,,0.0937499999999897,0.0937499999999897
review-loop-dispatch,prod_outputs_4,7,512,,0.0937500000000036,0.0937499999999897
review-loop-dispatch,prod_outputs_5,1,256,,0.167968749999997,0.171874999999988
review-loop-dispatch,prod_outputs_5,2,256,,0.167968749999997,0.175781250000007
review-loop-dispatch,prod_outputs_5,3,256,,0.175781249999979,0.171874999999988
review-loop-dispatch,prod_outputs_5,4,256,,0.167968749999997,0.171874999999988
review-loop-dispatch,prod_outputs_5,5,256,,0.171874999999988,0.171875000000016
review-loop-dispatch,prod_outputs_5,6,256,,0.175781250000007,0.171875000000016
review-loop-dispatch,prod_outputs_5,7,256,,0.175781249999979,0.179687499999998
review-loop-dispatch,prod_outputs_8,1,256,,0.179687499999998,0.183593750000016
review-loop-dispatch,prod_outputs_8,2,256,,0.183593749999988,0.183593749999988
review-loop-dispatch,prod_outputs_8,3,256,,0.183593750000016,0.179687499999998
review-loop-dispatch,prod_outputs_8,4,256,,0.179687499999998,0.187500000000007
review-loop-dispatch,prod_outputs_8,5,256,,0.183593750000016,0.179687499999998
review-loop-dispatch,prod_outputs_8,6,256,,0.179687499999998,0.179687499999998
review-loop-dispatch,prod_outputs_8,7,256,,0.179687499999998,0.183593749999988
review-loop-dispatch,prod_outputs_9,1,128,,0.273437500000029,0.265625000000047
review-loop-dispatch,prod_outputs_9,2,128,,0.265624999999992,0.265624999999992
review-loop-dispatch,prod_outputs_9,3,128,,0.25781250000001,0.257812499999954
review-loop-dispatch,prod_outputs_9,4,128,,0.25781250000001,0.265624999999992
review-loop-dispatch,prod_outputs_9,5,128,,0.257812499999954,0.25781250000001
review-loop-dispatch,prod_outputs_9,6,128,,0.265624999999992,0.25781250000001
review-loop-dispatch,prod_outputs_9,7,128,,0.25781250000001,0.257812499999954
review-loop-dispatch,prod_outputs_12,1,128,,0.273437500000029,0.281250000000011
review-loop-dispatch,prod_outputs_12,2,128,,0.273437500000029,0.265625000000047
review-loop-dispatch,prod_outputs_12,3,128,,0.273437499999973,0.273437499999973
review-loop-dispatch,prod_outputs_12,4,128,,0.265624999999992,0.273437499999973
review-loop-dispatch,prod_outputs_12,5,128,,0.265625000000047,0.273437499999973
review-loop-dispatch,prod_outputs_12,6,128,,0.273437499999973,0.281249999999955
review-loop-dispatch,prod_outputs_12,7,128,,0.273437500000029,0.265624999999992
review-loop-dispatch,prod_outputs_16,1,512,,0.101562499999999,0.101562499999999
review-loop-dispatch,prod_outputs_16,2,512,,0.101562499999999,0.101562499999999
review-loop-dispatch,prod_outputs_16,3,512,,0.103515624999995,0.103515624999995
review-loop-dispatch,prod_outputs_16,4,512,,0.103515624999995,0.101562499999999
review-loop-dispatch,prod_outputs_16,5,512,,0.103515624999995,0.101562499999999
review-loop-dispatch,prod_outputs_16,6,512,,0.101562499999999,0.103515624999995
review-loop-dispatch,prod_outputs_16,7,512,,0.103515625000009,0.101562499999999
review-loop-dispatch,prod_outputs_17,1,64,,0.546874999999947,0.546874999999947
review-loop-dispatch,prod_outputs_17,2,64,,0.546875000000058,0.546874999999947
review-loop-dispatch,prod_outputs_17,3,64,,0.546874999999947,0.546874999999947
review-loop-dispatch,prod_outputs_17,4,64,,0.546875000000058,0.531249999999983
review-loop-dispatch,prod_outputs_17,5,64,,0.562500000000021,0.546875000000058
review-loop-dispatch,prod_outputs_17,6,64,,0.562500000000021,0.546875000000058
review-loop-dispatch,prod_outputs_17,7,64,,0.546874999999947,0.562500000000021
review-loop-dispatch,prod_na_stride3_outputs_1,1,512,,0.0917968749999942,0.0937500000000036
review-loop-dispatch,prod_na_stride3_outputs_1,2,512,,0.0937500000000036,0.0917968749999942
review-loop-dispatch,prod_na_stride3_outputs_1,3,512,,0.0937500000000036,0.095703124999999
review-loop-dispatch,prod_na_stride3_outputs_1,4,512,,0.0917968749999942,0.0917968750000081
review-loop-dispatch,prod_na_stride3_outputs_1,5,512,,0.0937499999999897,0.0917968749999942
review-loop-dispatch,prod_na_stride3_outputs_1,6,512,,0.0917968749999942,0.0898437499999988
review-loop-dispatch,prod_na_stride3_outputs_1,7,512,,0.0917968749999942,0.0898437499999988
review-loop-dispatch,prod_na_stride3_outputs_4,1,512,,0.103515625000009,0.101562499999999
review-loop-dispatch,prod_na_stride3_outputs_4,2,512,,0.103515624999995,0.103515624999995
review-loop-dispatch,prod_na_stride3_outputs_4,3,512,,0.105468750000004,0.105468750000004
review-loop-dispatch,prod_na_stride3_outputs_4,4,512,,0.101562499999999,0.101562499999999
review-loop-dispatch,prod_na_stride3_outputs_4,5,512,,0.0996093750000038,0.103515624999995
review-loop-dispatch,prod_na_stride3_outputs_4,6,512,,0.103515625000009,0.0996093750000038
review-loop-dispatch,prod_na_stride3_outputs_4,7,512,,0.103515625000009,0.103515625000009
review-loop-dispatch,prod_na_stride3_outputs_8,1,256,,0.124999999999986,0.128906250000005
review-loop-dispatch,prod_na_stride3_outputs_8,2,256,,0.128906250000005,0.128906250000005
review-loop-dispatch,prod_na_stride3_outputs_8,3,256,,0.124999999999986,0.125000000000014
review-loop-dispatch,prod_na_stride3_outputs_8,4,256,,0.124999999999986,0.128906250000005
review-loop-dispatch,prod_na_stride3_outputs_8,5,256,,0.128906250000005,0.128906250000005
review-loop-dispatch,prod_na_stride3_outputs_8,6,256,,0.128906250000005,0.132812499999996
review-loop-dispatch,prod_na_stride3_outputs_8,7,256,,0.128906250000005,0.128906250000005
review-loop-dispatch,prod_na_stride3_outputs_16,1,128,,0.249999999999972,0.234375000000009
review-loop-dispatch,prod_na_stride3_outputs_16,2,128,,0.242187499999991,0.249999999999972
review-loop-dispatch,prod_na_stride3_outputs_16,3,128,,0.249999999999972,0.249999999999972
review-loop-dispatch,prod_na_stride3_outputs_16,4,128,,0.242187499999991,0.242187499999991
review-loop-dispatch,prod_na_stride3_outputs_16,5,128,,0.249999999999972,0.250000000000028
review-loop-dispatch,prod_na_stride3_outputs_16,6,128,,0.242187500000046,0.242187500000046
review-loop-dispatch,prod_na_stride3_outputs_16,7,128,,0.242187499999991,0.242187499999991
review-loop-dispatch,prod_matrix_outputs_1,1,1024,,0.0341796875000036,0.036132812500006
review-loop-dispatch,prod_matrix_outputs_1,2,1024,,0.045898437500004,0.0341796875000036
review-loop-dispatch,prod_matrix_outputs_1,3,1024,,0.0351562500000013,0.0361328124999991
review-loop-dispatch,prod_matrix_outputs_1,4,1024,,0.0332031249999989,0.0351562500000013
review-loop-dispatch,prod_matrix_outputs_1,5,1024,,0.0332031249999989,0.0341796874999967
review-loop-dispatch,prod_matrix_outputs_1,6,1024,,0.0332031249999989,0.0341796874999967
review-loop-dispatch,prod_matrix_outputs_1,7,1024,,0.0332031249999989,0.0332031249999989
review-loop-dispatch,prod_matrix_outputs_4,1,1024,,0.0371093749999968,0.0380859375000014
review-loop-dispatch,prod_matrix_outputs_4,2,1024,,0.0390625000000061,0.0380859375000014
review-loop-dispatch,prod_matrix_outputs_4,3,1024,,0.0390624999999992,0.0390624999999992
review-loop-dispatch,prod_matrix_outputs_4,4,1024,,0.0380859375000014,0.0390625000000061
review-loop-dispatch,prod_matrix_outputs_4,5,1024,,0.0390624999999922,0.0380859375000014
review-loop-dispatch,prod_matrix_outputs_4,6,1024,,0.0390625000000061,0.0380859375000014
review-loop-dispatch,prod_matrix_outputs_4,7,1024,,0.0390625000000061,0.0390625000000061
review-loop-dispatch,prod_matrix_outputs_16,1,1024,,0.0400390624999969,0.0400390624999969
review-loop-dispatch,prod_matrix_outputs_16,2,1024,,0.0400390624999969,0.0400390625000108
review-loop-dispatch,prod_matrix_outputs_16,3,1024,,0.0400390624999969,0.0410156250000016
review-loop-dispatch,prod_matrix_outputs_16,4,1024,,0.0410156249999877,0.0410156250000016
review-loop-dispatch,prod_matrix_outputs_16,5,1024,,0.0400390625000108,0.0410156250000016
review-loop-dispatch,prod_matrix_outputs_16,6,1024,,0.0400390624999969,0.0410156249999877
review-loop-dispatch,prod_matrix_outputs_16,7,1024,,0.0400390624999969,0.0410156250000016
review-loop-dispatch,prod_rolling_width_10,1,512,,0.105468750000004,0.109374999999995
review-loop-dispatch,prod_rolling_width_10,2,512,,0.105468750000004,0.107421874999986
review-loop-dispatch,prod_rolling_width_10,3,512,,0.105468750000004,0.105468750000004
review-loop-dispatch,prod_rolling_width_10,4,512,,0.105468750000004,0.128906249999977
review-loop-dispatch,prod_rolling_width_10,5,512,,0.115234374999995,0.109374999999995
review-loop-dispatch,prod_rolling_width_10,6,512,,0.105468750000004,0.103515624999995
review-loop-dispatch,prod_rolling_width_10,7,512,,0.103515624999995,0.105468750000004
review-loop-dispatch,prod_rolling_width_1000,1,64,,0.79687500000003,0.79687500000003
review-loop-dispatch,prod_rolling_width_1000,2,64,,0.79687500000003,0.79687500000003
review-loop-dispatch,prod_rolling_width_1000,3,64,,0.79687500000003,0.781249999999956
review-loop-dispatch,prod_rolling_width_1000,4,64,,0.812500000000105,0.79687500000003
review-loop-dispatch,prod_rolling_width_1000,5,64,,0.781249999999956,0.79687500000003
review-loop-dispatch,prod_rolling_width_1000,6,64,,0.79687500000003,0.812499999999883
review-loop-dispatch,prod_rolling_width_1000,7,64,,0.79687500000003,0.781249999999956
review-loop-dispatch,sd_outputs_1,1,64,,0.812500000000105,0.79687500000003
review-loop-dispatch,sd_outputs_1,2,64,,0.79687500000003,0.812499999999883
review-loop-dispatch,sd_outputs_1,3,64,,0.812499999999883,0.812499999999883
review-loop-dispatch,sd_outputs_1,4,64,,0.79687500000003,0.79687500000003
review-loop-dispatch,sd_outputs_1,5,64,,0.812500000000105,0.812499999999883
review-loop-dispatch,sd_outputs_1,6,64,,0.79687500000003,0.812499999999883
review-loop-dispatch,sd_outputs_1,7,64,,0.79687500000003,0.812499999999883
review-loop-dispatch,prod_rolling_zeros,1,8,,6.49999999999906,6.49999999999906
review-loop-dispatch,prod_rolling_zeros,2,8,,6.50000000000084,6.50000000000084
review-loop-dispatch,prod_rolling_zeros,3,8,,6.62499999999966,6.50000000000084
review-loop-dispatch,prod_rolling_zeros,4,8,,6.49999999999906,6.50000000000084
review-loop-dispatch,prod_rolling_zeros,5,8,,6.50000000000084,6.50000000000084
review-loop-dispatch,prod_rolling_zeros,6,8,,6.49999999999906,6.62499999999966
review-loop-dispatch,prod_rolling_zeros,7,8,,6.49999999999906,6.49999999999906
review-loop-dispatch,sum_weighted_1000_normalize_FALSE,1,4096,,0.0100097656249992,0.0100097656250027
review-loop-dispatch,sum_weighted_1000_normalize_FALSE,2,4096,,0.0100097656249992,0.0100097656249992
review-loop-dispatch,sum_weighted_1000_normalize_FALSE,3,4096,,0.0100097656249992,0.0100097656249992
review-loop-dispatch,sum_weighted_1000_normalize_FALSE,4,4096,,0.0102539062500004,0.0100097656249992
review-loop-dispatch,sum_weighted_1000_normalize_FALSE,5,4096,,0.0104980468750016,0.0100097656249992
review-loop-dispatch,sum_weighted_1000_normalize_FALSE,6,4096,,0.0100097656249992,0.0102539062500004
review-loop-dispatch,sum_weighted_1000_normalize_FALSE,7,4096,,0.0102539062500004,0.0102539062500004
review-loop-dispatch,sum_weighted_1000_normalize_TRUE,1,4096,,0.0126953125000016,0.0131835937500005
review-loop-dispatch,sum_weighted_1000_normalize_TRUE,2,4096,,0.0129394531249993,0.0129394531250028
review-loop-dispatch,sum_weighted_1000_normalize_TRUE,3,4096,,0.0126953125000016,0.0129394531249993
review-loop-dispatch,sum_weighted_1000_normalize_TRUE,4,4096,,0.0124511718750005,0.0129394531249993
review-loop-dispatch,sum_weighted_1000_normalize_TRUE,5,4096,,0.0124511718750005,0.0134277343750017
review-loop-dispatch,sum_weighted_1000_normalize_TRUE,6,4096,,0.0124511718750005,0.0131835937500005
review-loop-dispatch,sum_weighted_1000_normalize_TRUE,7,4096,,0.0126953125000016,0.0126953125000016
review-loop-dispatch,mean_weighted_1000_normalize_FALSE,1,4096,,0.0100097656249992,0.0100097656249992
review-loop-dispatch,mean_weighted_1000_normalize_FALSE,2,4096,,0.0100097656250027,0.0100097656249992
review-loop-dispatch,mean_weighted_1000_normalize_FALSE,3,4096,,0.0100097656249992,0.0100097656249992
review-loop-dispatch,mean_weighted_1000_normalize_FALSE,4,4096,,0.0100097656249992,0.0100097656250027
review-loop-dispatch,mean_weighted_1000_normalize_FALSE,5,4096,,0.0102539062500004,0.0129394531249993
review-loop-dispatch,mean_weighted_1000_normalize_FALSE,6,4096,,0.0102539062499969,0.0100097656250027
review-loop-dispatch,mean_weighted_1000_normalize_FALSE,7,4096,,0.0100097656249992,0.0102539062500004
review-loop-dispatch,mean_weighted_1000_normalize_TRUE,1,4096,,0.0126953125000016,0.0129394531249993
review-loop-dispatch,mean_weighted_1000_normalize_TRUE,2,4096,,0.0124511718750005,0.0129394531249993
review-loop-dispatch,mean_weighted_1000_normalize_TRUE,3,4096,,0.0126953124999982,0.0126953125000016
review-loop-dispatch,mean_weighted_1000_normalize_TRUE,4,4096,,0.0129394531249993,0.0129394531249993
review-loop-dispatch,mean_weighted_1000_normalize_TRUE,5,4096,,0.0129394531249993,0.0129394531249993
review-loop-dispatch,mean_weighted_1000_normalize_TRUE,6,4096,,0.0126953125000016,0.0129394531249993
review-loop-dispatch,mean_weighted_1000_normalize_TRUE,7,4096,,0.0129394531249993,0.0126953125000016
review-loop-dispatch,var_weighted_1000_normalize_FALSE,1,4096,,0.0122070312499993,0.0122070312499993
review-loop-dispatch,var_weighted_1000_normalize_FALSE,2,4096,,0.0122070312499993,0.0124511718750005
review-loop-dispatch,var_weighted_1000_normalize_FALSE,3,4096,,0.0126953125000016,0.0146484375000006
review-loop-dispatch,var_weighted_1000_normalize_FALSE,4,4096,,0.0122070312500028,0.0119628906249981
review-loop-dispatch,var_weighted_1000_normalize_FALSE,5,4096,,0.0119628906249981,0.0122070312499993
review-loop-dispatch,var_weighted_1000_normalize_FALSE,6,4096,,0.0119628906250016,0.0124511718750005
review-loop-dispatch,var_weighted_1000_normalize_FALSE,7,4096,,0.0122070312499993,0.0122070312499993
review-loop-dispatch,var_weighted_1000_normalize_TRUE,1,2048,,0.0151367187500029,0.0151367187499959
review-loop-dispatch,var_weighted_1000_normalize_TRUE,2,2048,,0.0151367187500029,0.0151367187500029
review-loop-dispatch,var_weighted_1000_normalize_TRUE,3,2048,,0.0151367187500029,0.0151367187500029
review-loop-dispatch,var_weighted_1000_normalize_TRUE,4,2048,,0.0146484375000006,0.0151367187499959
review-loop-dispatch,var_weighted_1000_normalize_TRUE,5,2048,,0.0151367187500029,0.0151367187500029
review-loop-dispatch,var_weighted_1000_normalize_TRUE,6,2048,,0.0156250000000052,0.0151367187499959
review-loop-dispatch,var_weighted_1000_normalize_TRUE,7,2048,,0.0151367187499959,0.0151367187500029
review-loop-dispatch,sum_weighted_1000000_normalize_FALSE,1,64,,0.531249999999872,0.546874999999947
review-loop-dispatch,sum_weighted_1000000_normalize_FALSE,2,64,,0.51562500000002,0.531250000000094
review-loop-dispatch,sum_weighted_1000000_normalize_FALSE,3,64,,0.531250000000094,0.531249999999872
review-loop-dispatch,sum_weighted_1000000_normalize_FALSE,4,64,,0.546874999999947,0.531249999999872
review-loop-dispatch,sum_weighted_1000000_normalize_FALSE,5,64,,0.546874999999947,0.531249999999872
review-loop-dispatch,sum_weighted_1000000_normalize_FALSE,6,64,,0.531250000000094,0.531250000000094
review-loop-dispatch,sum_weighted_1000000_normalize_FALSE,7,64,,0.531250000000094,0.546874999999947
review-loop-dispatch,sum_weighted_1000000_normalize_TRUE,1,16,,3.12499999999982,3.12499999999982
review-loop-dispatch,sum_weighted_1000000_normalize_TRUE,2,16,,3.00000000000011,3.18750000000012
review-loop-dispatch,sum_weighted_1000000_normalize_TRUE,3,16,,3.06250000000041,3.24999999999953
review-loop-dispatch,sum_weighted_1000000_normalize_TRUE,4,16,,3.12499999999982,3.18750000000012
review-loop-dispatch,sum_weighted_1000000_normalize_TRUE,5,16,,3.06249999999952,3.18750000000012
review-loop-dispatch,sum_weighted_1000000_normalize_TRUE,6,16,,3.06249999999952,3.18750000000012
review-loop-dispatch,sum_weighted_1000000_normalize_TRUE,7,16,,3.00000000000011,3.24999999999953
review-loop-dispatch,mean_weighted_1000000_normalize_FALSE,1,64,,0.546874999999947,0.546874999999947
review-loop-dispatch,mean_weighted_1000000_normalize_FALSE,2,64,,0.531250000000094,0.531250000000094
review-loop-dispatch,mean_weighted_1000000_normalize_FALSE,3,64,,0.531250000000094,0.546874999999947
review-loop-dispatch,mean_weighted_1000000_normalize_FALSE,4,64,,0.546874999999947,0.531250000000094
review-loop-dispatch,mean_weighted_1000000_normalize_FALSE,5,64,,0.531249999999872,0.531249999999872
review-loop-dispatch,mean_weighted_1000000_normalize_FALSE,6,64,,0.546875000000169,0.546875000000169
review-loop-dispatch,mean_weighted_1000000_normalize_FALSE,7,64,,0.531249999999872,0.531249999999872
review-loop-dispatch,mean_weighted_1000000_normalize_TRUE,1,16,,3.12499999999982,3.18749999999923
review-loop-dispatch,mean_weighted_1000000_normalize_TRUE,2,16,,3.06249999999952,3.24999999999953
review-loop-dispatch,mean_weighted_1000000_normalize_TRUE,3,16,,3.12500000000071,3.18750000000012
review-loop-dispatch,mean_weighted_1000000_normalize_TRUE,4,16,,3.12499999999982,3.31249999999983
review-loop-dispatch,mean_weighted_1000000_normalize_TRUE,5,16,,3.12500000000071,3.25000000000042
review-loop-dispatch,mean_weighted_1000000_normalize_TRUE,6,16,,3.06250000000041,3.25000000000042
review-loop-dispatch,mean_weighted_1000000_normalize_TRUE,7,16,,3.12499999999982,3.24999999999953
review-loop-dispatch,var_weighted_1000000_normalize_FALSE,1,16,,2.68749999999951,2.6250000000001
review-loop-dispatch,var_weighted_1000000_normalize_FALSE,2,16,,2.68749999999951,2.6250000000001
review-loop-dispatch,var_weighted_1000000_normalize_FALSE,3,16,,2.6250000000001,2.6250000000001
review-loop-dispatch,var_weighted_1000000_normalize_FALSE,4,16,,2.6250000000001,2.6250000000001
review-loop-dispatch,var_weighted_1000000_normalize_FALSE,5,16,,2.6250000000001,2.6250000000001
review-loop-dispatch,var_weighted_1000000_normalize_FALSE,6,16,,2.6250000000001,2.6250000000001
review-loop-dispatch,var_weighted_1000000_normalize_FALSE,7,16,,2.6250000000001,2.6250000000001
review-loop-dispatch,var_weighted_1000000_normalize_TRUE,1,8,,5.1249999999996,5.3750000000008
review-loop-dispatch,var_weighted_1000000_normalize_TRUE,2,8,,5.3750000000008,5.3750000000008
review-loop-dispatch,var_weighted_1000000_normalize_TRUE,3,8,,5.1249999999996,5.3750000000008
review-loop-dispatch,var_weighted_1000000_normalize_TRUE,4,8,,5.1249999999996,5.3750000000008
review-loop-dispatch,var_weighted_1000000_normalize_TRUE,5,8,,5.1249999999996,5.37499999999902
review-loop-dispatch,var_weighted_1000000_normalize_TRUE,6,8,,5.12500000000138,5.2500000000002
review-loop-dispatch,var_weighted_1000000_normalize_TRUE,7,8,,5.2500000000002,5.2500000000002
review-loop-openmp2,sum_weighted_5,1,128,0.546874999999999,0.4453125,0.4296875
review-loop-openmp2,sum_weighted_5,2,128,0.4453125,0.4296875,0.4296875
review-loop-openmp2,sum_weighted_5,3,128,0.437499999999997,0.421875000000002,0.429687500000001
review-loop-openmp2,sum_weighted_5,4,128,0.437499999999997,0.429687500000001,0.429687500000001
review-loop-openmp2,sum_weighted_5,5,128,0.53125,0.429687499999998,0.421875000000002
review-loop-openmp2,sum_weighted_5,6,128,0.4375,0.429687499999998,0.429687499999998
review-loop-openmp2,sum_weighted_20,1,64,0.781249999999997,0.765624999999999,0.750000000000001
review-loop-openmp2,sum_weighted_20,2,64,0.781249999999997,0.765624999999999,0.781250000000004
review-loop-openmp2,sum_weighted_20,3,64,0.781249999999997,0.781250000000004,0.750000000000001
review-loop-openmp2,sum_weighted_20,4,64,0.781249999999997,0.765624999999999,0.781250000000004
review-loop-openmp2,sum_weighted_20,5,64,0.796874999999996,0.765624999999999,0.765624999999999
review-loop-openmp2,sum_weighted_20,6,64,0.98437500000001,0.765625000000006,0.796875000000002
review-loop-openmp2,sum_weighted_99,1,16,3.18750000000001,3.18750000000001,3.18750000000001
review-loop-openmp2,sum_weighted_99,2,16,3.25000000000003,3.18750000000001,3.24999999999998
review-loop-openmp2,sum_weighted_99,3,16,3.37499999999996,3.25000000000003,3.43750000000004
review-loop-openmp2,sum_weighted_99,4,16,3.25000000000003,3.18750000000001,3.25000000000003
review-loop-openmp2,sum_weighted_99,5,16,3.12499999999999,3.18750000000001,3.12500000000004
review-loop-openmp2,sum_weighted_99,6,16,3.24999999999998,3.12499999999999,3.18750000000001
review-loop-openmp2,mean_weighted_5,1,128,0.453124999999999,0.4765625,0.4765625
review-loop-openmp2,mean_weighted_5,2,128,0.453124999999999,0.4765625,0.5625
review-loop-openmp2,mean_weighted_5,3,128,0.453124999999999,0.484374999999995,0.492187500000005
review-loop-openmp2,mean_weighted_5,4,128,0.453124999999999,0.4765625,0.4765625
review-loop-openmp2,mean_weighted_5,5,128,0.460937500000001,0.4765625,0.484375000000002
review-loop-openmp2,mean_weighted_5,6,128,0.460937499999994,0.4765625,0.4765625
review-loop-openmp2,mean_weighted_20,1,64,0.796875000000002,0.859374999999996,0.84374999999999
review-loop-openmp2,mean_weighted_20,2,64,0.781250000000011,0.859374999999996,0.843750000000004
review-loop-openmp2,mean_weighted_20,3,64,0.781249999999983,0.843750000000004,0.859374999999996
review-loop-openmp2,mean_weighted_20,4,64,0.781249999999983,0.843750000000004,0.843750000000004
review-loop-openmp2,mean_weighted_20,5,64,0.781250000000011,0.874999999999987,0.843750000000004
review-loop-openmp2,mean_weighted_20,6,64,0.781249999999983,0.859374999999996,0.875000000000015
review-loop-openmp2,mean_weighted_99,1,16,3.24999999999998,3.25000000000009,3.24999999999998
review-loop-openmp2,mean_weighted_99,2,16,3.24999999999998,3.24999999999998,3.31249999999994
review-loop-openmp2,mean_weighted_99,3,16,3.31250000000005,3.31250000000005,3.31250000000005
review-loop-openmp2,mean_weighted_99,4,16,3.24999999999998,3.31250000000005,3.68750000000007
review-loop-openmp2,mean_weighted_99,5,16,3.24999999999998,3.24999999999998,3.24999999999998
review-loop-openmp2,mean_weighted_99,6,16,3.31250000000005,3.31250000000005,3.24999999999998
review-loop-openmp2,min_weighted_5,1,128,0.570312500000003,0.390625000000006,0.398437500000001
review-loop-openmp2,min_weighted_5,2,128,0.570312500000003,0.398437500000001,0.390625000000006
review-loop-openmp2,min_weighted_5,3,128,0.578124999999999,0.492187499999991,0.398437499999987
review-loop-openmp2,min_weighted_5,4,128,0.578124999999999,0.398437500000001,0.398437500000001
review-loop-openmp2,min_weighted_5,5,128,0.570312500000003,0.390624999999992,0.398437500000001
review-loop-openmp2,min_weighted_5,6,128,0.585937499999994,0.398437500000001,0.390624999999992
review-loop-openmp2,min_weighted_20,1,32,1.81249999999999,1.21874999999999,1.18750000000001
review-loop-openmp2,min_weighted_20,2,32,1.81249999999999,1.18750000000001,1.18750000000001
review-loop-openmp2,min_weighted_20,3,32,1.81249999999999,1.15624999999997,1.18749999999995
review-loop-openmp2,min_weighted_20,4,32,1.81249999999999,1.18750000000001,1.18750000000001
review-loop-openmp2,min_weighted_20,5,32,1.81249999999999,1.18750000000001,1.21874999999999
review-loop-openmp2,min_weighted_20,6,32,1.84375000000003,1.18750000000001,1.53124999999998
review-loop-openmp2,min_weighted_99,1,8,8.49999999999995,5.24999999999998,5.24999999999998
review-loop-openmp2,min_weighted_99,2,8,8.49999999999995,5.37499999999991,5.24999999999998
review-loop-openmp2,min_weighted_99,3,8,8.49999999999995,5.24999999999998,5.24999999999998
review-loop-openmp2,min_weighted_99,4,8,8.37500000000002,5.24999999999998,5.37500000000013
review-loop-openmp2,min_weighted_99,5,8,8.37500000000002,5.24999999999998,5.24999999999998
review-loop-openmp2,min_weighted_99,6,8,8.87499999999997,5.24999999999998,5.24999999999998
review-loop-openmp2,max_weighted_5,1,128,0.570312500000003,0.398437500000001,0.398437500000001
review-loop-openmp2,max_weighted_5,2,128,0.570312500000003,0.398437500000001,0.406249999999997
review-loop-openmp2,max_weighted_5,3,128,0.570312500000003,0.390625000000006,0.484375000000009
review-loop-openmp2,max_weighted_5,4,128,0.570312500000003,0.398437499999987,0.406249999999997
review-loop-openmp2,max_weighted_5,5,128,0.570312499999975,0.390624999999978,0.390625000000006
review-loop-openmp2,max_weighted_5,6,128,0.562499999999994,0.390625000000006,0.398437499999987
review-loop-openmp2,max_weighted_20,1,32,1.81249999999999,1.18750000000001,1.18750000000001
review-loop-openmp2,max_weighted_20,2,32,1.81249999999999,1.18750000000001,1.18750000000001
review-loop-openmp2,max_weighted_20,3,32,1.84375000000003,1.21875000000005,1.53124999999998
review-loop-openmp2,max_weighted_20,4,32,1.84375000000003,1.21874999999994,1.21875000000005
review-loop-openmp2,max_weighted_20,5,32,1.84374999999992,1.21875000000005,1.21875000000005
review-loop-openmp2,max_weighted_20,6,32,1.87499999999996,1.24999999999997,1.25000000000008
review-loop-openmp2,max_weighted_99,1,8,8.37500000000002,5.24999999999975,5.2500000000002
review-loop-openmp2,max_weighted_99,2,8,8.50000000000017,5.2500000000002,5.2500000000002
review-loop-openmp2,max_weighted_99,3,8,8.50000000000017,5.37499999999991,5.2500000000002
review-loop-openmp2,max_weighted_99,4,8,8.50000000000017,5.24999999999975,5.12500000000005
review-loop-openmp2,max_weighted_99,5,8,8.49999999999973,5.2500000000002,5.24999999999975
review-loop-openmp2,max_weighted_99,6,8,8.49999999999973,5.37499999999991,5.37500000000035
review-loop-openmp2,var_weighted_5,1,16,2.18750000000001,2.37500000000002,2.37500000000002
review-loop-openmp2,var_weighted_5,2,16,2.18750000000001,2.37499999999979,2.43750000000009
review-loop-openmp2,var_weighted_5,3,16,2.12499999999993,2.43749999999987,2.43750000000009
review-loop-openmp2,var_weighted_5,4,16,2.12500000000015,2.37500000000002,2.43749999999987
review-loop-openmp2,var_weighted_5,5,16,2.18749999999979,2.43749999999987,2.43749999999987
review-loop-openmp2,var_weighted_5,6,16,2.18750000000001,2.37500000000002,2.43750000000009
review-loop-openmp2,var_weighted_20,1,8,5.87500000000007,5.99999999999978,5.99999999999978
review-loop-openmp2,var_weighted_20,2,8,5.74999999999992,5.99999999999978,5.87500000000007
review-loop-openmp2,var_weighted_20,3,8,5.74999999999992,6.12500000000038,6.00000000000023
review-loop-openmp2,var_weighted_20,4,8,5.74999999999992,6.12499999999994,6.12499999999994
review-loop-openmp2,var_weighted_20,5,8,5.74999999999992,6.24999999999964,6.12499999999994
review-loop-openmp2,var_weighted_20,6,8,5.75000000000037,6.00000000000023,5.99999999999978
review-loop-openmp2,var_weighted_99,1,2,25.500000000001,26.0000000000016,25.4999999999992
review-loop-openmp2,var_weighted_99,2,2,25.4999999999992,25.9999999999998,25.500000000001
review-loop-openmp2,var_weighted_99,3,2,25.500000000001,26.0000000000016,25.4999999999992
review-loop-openmp2,var_weighted_99,4,2,25.4999999999992,25.500000000001,25.9999999999998
review-loop-openmp2,var_weighted_99,5,2,25.4999999999992,26.5000000000004,25.9999999999998
review-loop-openmp2,var_weighted_99,6,2,25.4999999999992,25.9999999999998,25.9999999999998
review-loop-openmp2,sd_weighted_5,1,16,2.62499999999988,2.81250000000011,2.75000000000003
review-loop-openmp2,sd_weighted_5,2,16,2.6250000000001,2.68749999999995,2.68749999999995
review-loop-openmp2,sd_weighted_5,3,16,2.68749999999995,2.68749999999995,2.68749999999995
review-loop-openmp2,sd_weighted_5,4,16,2.62499999999988,2.6250000000001,2.75000000000003
review-loop-openmp2,sd_weighted_5,5,16,2.62499999999988,2.68749999999995,2.68750000000018
review-loop-openmp2,sd_weighted_5,6,16,2.68750000000018,2.68749999999995,2.68749999999995
review-loop-openmp2,sd_weighted_20,1,8,6.3749999999998,6.87499999999996,6.49999999999995
review-loop-openmp2,sd_weighted_20,2,8,6.12499999999994,6.49999999999995,6.49999999999995
review-loop-openmp2,sd_weighted_20,3,8,6.12499999999994,6.49999999999995,6.49999999999995
review-loop-openmp2,sd_weighted_20,4,8,6.25000000000009,6.49999999999995,6.49999999999995
review-loop-openmp2,sd_weighted_20,5,8,6.25000000000009,6.49999999999995,6.49999999999995
review-loop-openmp2,sd_weighted_20,6,8,6.37500000000024,6.6250000000001,6.49999999999995
review-loop-openmp2,sd_weighted_99,1,2,25.9999999999998,26.5000000000004,26.4999999999986
review-loop-openmp2,sd_weighted_99,2,2,25.9999999999998,26.5000000000004,26.0000000000016
review-loop-openmp2,sd_weighted_99,3,2,26.5000000000004,25.9999999999998,26.5000000000004
review-loop-openmp2,sd_weighted_99,4,2,25.9999999999998,26.0000000000016,26.0000000000016
review-loop-openmp2,sd_weighted_99,5,2,25.9999999999998,25.9999999999998,26.4999999999986
review-loop-openmp2,sd_weighted_99,6,2,25.9999999999998,33.5000000000001,25.9999999999998
review-loop-openmp2,mean_missing_20_remove_TRUE,1,16,2.18750000000001,2.68749999999995,2.68749999999995
review-loop-openmp2,mean_missing_20_remove_TRUE,2,16,2.12499999999993,2.68750000000018,2.68749999999995
review-loop-openmp2,mean_missing_20_remove_TRUE,3,16,2.12499999999993,2.75000000000003,2.75000000000003
review-loop-openmp2,mean_missing_20_remove_TRUE,4,16,2.18750000000001,2.68749999999995,2.75000000000003
review-loop-openmp2,mean_missing_20_remove_TRUE,5,16,2.18750000000001,2.68750000000018,2.68749999999995
review-loop-openmp2,mean_missing_20_remove_TRUE,6,16,2.18750000000001,2.6250000000001,2.75000000000003
review-loop-openmp2,mean_missing_99_remove_TRUE,1,4,9.99999999999979,11.7500000000001,11.9999999999996
review-loop-openmp2,mean_missing_99_remove_TRUE,2,4,10.2500000000001,12.0000000000005,12.0000000000005
review-loop-openmp2,mean_missing_99_remove_TRUE,3,4,10.2500000000001,12.2499999999999,12.0000000000005
review-loop-openmp2,mean_missing_99_remove_TRUE,4,4,10.2500000000001,11.9999999999996,12.0000000000005
review-loop-openmp2,mean_missing_99_remove_TRUE,5,4,10.4999999999995,12.4999999999993,12.2499999999999
review-loop-openmp2,mean_missing_99_remove_TRUE,6,4,10.5000000000004,12.2499999999999,14.0000000000002
review-loop-openmp2,min_missing_20_remove_FALSE,1,16,1.87500000000007,2.50000000000017,2.50000000000017
review-loop-openmp2,min_missing_20_remove_FALSE,2,16,1.87499999999985,2.99999999999989,2.43750000000009
review-loop-openmp2,min_missing_20_remove_FALSE,3,16,1.87500000000007,2.43750000000009,2.49999999999995
review-loop-openmp2,min_missing_20_remove_FALSE,4,16,1.87500000000007,2.5624999999998,3.31250000000005
review-loop-openmp2,min_missing_20_remove_FALSE,5,16,1.87500000000007,2.49999999999995,2.49999999999995
review-loop-openmp2,min_missing_20_remove_FALSE,6,16,1.87500000000007,2.43749999999987,2.43749999999987
review-loop-openmp2,min_missing_99_remove_FALSE,1,4,9.00000000000034,10.5000000000004,10.7499999999998
review-loop-openmp2,min_missing_99_remove_FALSE,2,4,8.75000000000004,10.7499999999998,10.4999999999995
review-loop-openmp2,min_missing_99_remove_FALSE,3,4,8.49999999999973,11.0000000000001,10.4999999999995
review-loop-openmp2,min_missing_99_remove_FALSE,4,4,10.5000000000004,10.9999999999992,10.7499999999998
review-loop-openmp2,min_missing_99_remove_FALSE,5,4,8.75000000000092,10.5000000000004,10.5000000000004
review-loop-openmp2,min_missing_99_remove_FALSE,6,4,8.49999999999973,10.5000000000004,10.5000000000004
review-loop-openmp2,max_missing_20_remove_FALSE,1,16,1.87500000000007,2.68749999999995,2.43750000000009
review-loop-openmp2,max_missing_20_remove_FALSE,2,16,1.87500000000007,2.49999999999995,2.43749999999965
review-loop-openmp2,max_missing_20_remove_FALSE,3,16,1.93749999999993,2.49999999999995,2.49999999999995
review-loop-openmp2,max_missing_20_remove_FALSE,4,16,1.87500000000007,2.49999999999995,2.43750000000009
review-loop-openmp2,max_missing_20_remove_FALSE,5,16,1.87500000000007,2.43750000000009,2.43750000000009
review-loop-openmp2,max_missing_20_remove_FALSE,6,16,1.99999999999978,2.43750000000009,2.50000000000039
review-loop-openmp2,max_missing_99_remove_FALSE,1,4,8.74999999999915,10.7499999999998,10.5000000000004
review-loop-openmp2,max_missing_99_remove_FALSE,2,4,8.74999999999915,10.5000000000004,10.4999999999986
review-loop-openmp2,max_missing_99_remove_FALSE,3,4,9.00000000000034,10.5000000000004,10.4999999999986
review-loop-openmp2,max_missing_99_remove_FALSE,4,4,8.49999999999973,10.7499999999998,10.5000000000004
review-loop-openmp2,max_missing_99_remove_FALSE,5,4,8.49999999999973,10.4999999999986,10.5000000000004
review-loop-openmp2,max_missing_99_remove_FALSE,6,4,8.49999999999973,10.4999999999986,10.7499999999998
review-loop-openmp14,sum_weighted_5,1,256,0.222656250000001,0.21484375,0.207031250000001
review-loop-openmp14,sum_weighted_5,2,256,0.2265625,0.20703125,0.25
review-loop-openmp14,sum_weighted_5,3,256,0.21875,0.22265625,0.21875
review-loop-openmp14,sum_weighted_5,4,256,0.2421875,0.210937500000001,0.246093750000001
review-loop-openmp14,sum_weighted_5,5,256,0.22265625,0.210937500000001,0.207031250000001
review-loop-openmp14,sum_weighted_5,6,256,0.246093749999999,0.214843749999999,0.20703125
review-loop-openmp14,sum_weighted_20,1,128,0.304687500000001,0.3125,0.312499999999997
review-loop-openmp14,sum_weighted_20,2,128,0.304687500000001,0.3125,0.304687500000001
review-loop-openmp14,sum_weighted_20,3,128,0.304687500000001,0.390624999999999,0.296874999999999
review-loop-openmp14,sum_weighted_20,4,128,0.296875000000002,0.304687499999998,0.304687500000001
review-loop-openmp14,sum_weighted_20,5,128,0.304687500000001,0.304687500000001,0.304687499999998
review-loop-openmp14,sum_weighted_20,6,128,0.304687499999998,0.304687500000001,0.296875000000002
review-loop-openmp14,sum_weighted_99,1,32,0.999999999999987,1,0.96874999999999
review-loop-openmp14,sum_weighted_99,2,32,1,1.03124999999998,1
review-loop-openmp14,sum_weighted_99,3,32,1,0.96874999999999,1.03125000000001
review-loop-openmp14,sum_weighted_99,4,32,1.03124999999998,0.96874999999999,1.31249999999999
review-loop-openmp14,sum_weighted_99,5,32,1.03125000000001,0.96874999999999,0.937500000000008
review-loop-openmp14,sum_weighted_99,6,32,1.03125000000001,0.96874999999999,1.03124999999998
review-loop-openmp14,mean_weighted_5,1,256,0.257812500000003,0.226562499999999,0.226562499999999
review-loop-openmp14,mean_weighted_5,2,256,0.214843749999999,0.234375000000002,0.234374999999998
review-loop-openmp14,mean_weighted_5,3,256,0.265625000000002,0.230468750000001,0.234375000000002
review-loop-openmp14,mean_weighted_5,4,256,0.210937499999998,0.222656250000001,0.214843750000002
review-loop-openmp14,mean_weighted_5,5,256,0.28125,0.214843750000002,0.21875
review-loop-openmp14,mean_weighted_5,6,256,0.199218750000001,0.20703125,0.230468750000001
review-loop-openmp14,mean_weighted_20,1,128,0.390624999999999,0.320312500000003,0.3125
review-loop-openmp14,mean_weighted_20,2,128,0.304687499999998,0.3125,0.351562499999999
review-loop-openmp14,mean_weighted_20,3,128,0.304687499999998,0.328124999999999,0.320312499999996
review-loop-openmp14,mean_weighted_20,4,128,0.3125,0.328125000000005,0.328124999999999
review-loop-openmp14,mean_weighted_20,5,128,0.398437499999994,0.320312499999996,0.320312499999996
review-loop-openmp14,mean_weighted_20,6,128,0.3125,0.343750000000004,0.335937500000001
review-loop-openmp14,mean_weighted_99,1,32,1,0.96874999999999,0.96874999999999
review-loop-openmp14,mean_weighted_99,2,32,1.06250000000002,1,1.06250000000002
review-loop-openmp14,mean_weighted_99,3,32,0.968750000000018,1,0.968750000000018
review-loop-openmp14,mean_weighted_99,4,32,0.968750000000018,0.968749999999963,0.968750000000018
review-loop-openmp14,mean_weighted_99,5,32,1,0.968749999999963,1
review-loop-openmp14,mean_weighted_99,6,32,1,0.968750000000018,0.968749999999963
review-loop-openmp14,min_weighted_5,1,256,0.218750000000004,0.171875000000002,0.17578125
review-loop-openmp14,min_weighted_5,2,256,0.222656249999995,0.222656249999995,0.171875000000002
review-loop-openmp14,min_weighted_5,3,256,0.242187499999998,0.191406249999998,0.179687500000004
review-loop-openmp14,min_weighted_5,4,256,0.218749999999997,0.218749999999997,0.171875000000002
review-loop-openmp14,min_weighted_5,5,256,0.218749999999997,0.171874999999995,0.17578125
review-loop-openmp14,min_weighted_5,6,256,0.222656250000001,0.226562500000006,0.17578125
review-loop-openmp14,min_weighted_20,1,128,0.578124999999999,0.398437500000001,0.390625000000006
review-loop-openmp14,min_weighted_20,2,128,0.578124999999999,0.406249999999997,0.390624999999992
review-loop-openmp14,min_weighted_20,3,128,0.585937500000008,0.390624999999992,0.484374999999995
review-loop-openmp14,min_weighted_20,4,128,0.578124999999999,0.390625000000006,0.398437500000001
review-loop-openmp14,min_weighted_20,5,128,0.578124999999999,0.421875000000002,0.382812499999996
review-loop-openmp14,min_weighted_20,6,128,0.6015625,0.414062499999993,0.398437500000001
review-loop-openmp14,min_weighted_99,1,32,2.56250000000002,1.65625000000003,1.59375
review-loop-openmp14,min_weighted_99,2,32,2.90625,1.59375,1.65624999999997
review-loop-openmp14,min_weighted_99,3,32,2.53124999999998,1.59374999999995,1.78124999999996
review-loop-openmp14,min_weighted_99,4,32,2.68750000000001,1.59375,1.62499999999999
review-loop-openmp14,min_weighted_99,5,32,2.46875000000002,1.59375,1.59375
review-loop-openmp14,min_weighted_99,6,32,2.46875000000002,1.59375,1.59374999999995
review-loop-openmp14,max_weighted_5,1,256,0.246093750000002,0.203124999999998,0.195312500000003
review-loop-openmp14,max_weighted_5,2,256,0.242187499999998,0.199218750000001,0.199218750000001
review-loop-openmp14,max_weighted_5,3,256,0.25,0.191406249999998,0.234375000000002
review-loop-openmp14,max_weighted_5,4,256,0.23828125,0.199218750000001,0.191406250000005
review-loop-openmp14,max_weighted_5,5,256,0.234374999999995,0.191406250000005,0.234375000000002
review-loop-openmp14,max_weighted_5,6,256,0.234375000000002,0.1875,0.1875
review-loop-openmp14,max_weighted_20,1,128,0.6015625,0.421875000000002,0.421875000000002
review-loop-openmp14,max_weighted_20,2,128,0.617187500000005,0.421874999999988,0.414062500000006
review-loop-openmp14,max_weighted_20,3,128,0.601562499999986,0.421875000000016,0.414062499999993
review-loop-openmp14,max_weighted_20,4,128,0.640625000000006,0.468750000000018,0.445312499999989
review-loop-openmp14,max_weighted_20,5,128,0.609375000000023,0.421874999999988,0.5
review-loop-openmp14,max_weighted_20,6,128,0.609375000000023,0.414062500000006,0.453124999999999
review-loop-openmp14,max_weighted_99,1,32,2.71874999999999,1.87499999999996,1.65625000000003
review-loop-openmp14,max_weighted_99,2,32,2.71874999999999,1.71874999999999,1.81249999999999
review-loop-openmp14,max_weighted_99,3,32,2.71874999999999,1.84375000000003,1.68749999999995
review-loop-openmp14,max_weighted_99,4,32,2.84375000000003,1.81249999999999,2.09375000000001
review-loop-openmp14,max_weighted_99,5,32,2.59375000000006,1.75000000000003,1.65625000000003
review-loop-openmp14,max_weighted_99,6,32,2.53124999999998,1.56250000000002,1.65625000000003
review-loop-openmp14,var_weighted_5,1,64,0.703124999999971,0.953124999999999,0.812500000000049
review-loop-openmp14,var_weighted_5,2,64,0.703124999999971,0.796874999999975,0.750000000000028
review-loop-openmp14,var_weighted_5,3,64,0.687499999999952,0.750000000000028,0.750000000000028
review-loop-openmp14,var_weighted_5,4,64,0.703124999999971,0.937500000000036,0.828124999999957
review-loop-openmp14,var_weighted_5,5,64,0.703125000000027,0.781250000000011,0.781250000000011
review-loop-openmp14,var_weighted_5,6,64,0.703125000000027,0.765625000000048,0.765624999999992
review-loop-openmp14,var_weighted_20,1,32,1.84375000000003,1.87499999999996,1.81249999999999
review-loop-openmp14,var_weighted_20,2,32,1.81249999999999,1.84375000000003,1.84375000000003
review-loop-openmp14,var_weighted_20,3,32,1.78124999999996,1.87500000000007,1.87499999999996
review-loop-openmp14,var_weighted_20,4,32,2.09375000000001,2.21875000000005,2.31249999999994
review-loop-openmp14,var_weighted_20,5,32,1.84375000000003,2.18750000000001,2
review-loop-openmp14,var_weighted_20,6,32,1.7187500000001,1.81249999999999,1.81249999999999
review-loop-openmp14,var_weighted_99,1,4,7.7499999999997,7.50000000000028,7.50000000000028
review-loop-openmp14,var_weighted_99,2,4,7.50000000000028,7.50000000000028,7.7499999999997
review-loop-openmp14,var_weighted_99,3,4,7.7499999999997,7.50000000000028,7.50000000000028
review-loop-openmp14,var_weighted_99,4,4,7.24999999999998,7.7499999999997,7.7499999999997
review-loop-openmp14,var_weighted_99,5,4,9.50000000000006,7.7499999999997,8.00000000000001
review-loop-openmp14,var_weighted_99,6,4,7.4999999999994,7.7499999999997,7.75000000000059
review-loop-openmp14,sd_weighted_5,1,64,0.968750000000018,1.06250000000002,1.65624999999997
review-loop-openmp14,sd_weighted_5,2,64,0.828124999999957,1.34374999999998,0.875000000000015
review-loop-openmp14,sd_weighted_5,3,64,0.890624999999978,0.890624999999978,0.859374999999996
review-loop-openmp14,sd_weighted_5,4,64,0.859374999999996,0.874999999999959,0.859374999999996
review-loop-openmp14,sd_weighted_5,5,64,0.828125000000013,0.843749999999976,0.984374999999982
review-loop-openmp14,sd_weighted_5,6,64,0.843749999999976,0.843749999999976,0.875000000000015
review-loop-openmp14,sd_weighted_20,1,16,1.93750000000015,2.06249999999986,2
review-loop-openmp14,sd_weighted_20,2,16,1.93749999999993,1.93749999999993,2.12499999999993
review-loop-openmp14,sd_weighted_20,3,16,1.87500000000007,1.93749999999993,2
review-loop-openmp14,sd_weighted_20,4,16,1.93749999999993,1.93749999999993,2
review-loop-openmp14,sd_weighted_20,5,16,1.87500000000007,2,2
review-loop-openmp14,sd_weighted_20,6,16,1.87500000000007,2,2
review-loop-openmp14,sd_weighted_99,1,4,7.50000000000028,7.50000000000028,7.7499999999997
review-loop-openmp14,sd_weighted_99,2,4,7.24999999999998,7.24999999999998,7.24999999999998
review-loop-openmp14,sd_weighted_99,3,4,7.50000000000028,7.4999999999994,7.7499999999997
review-loop-openmp14,sd_weighted_99,4,4,7.75000000000059,7.7499999999997,8.00000000000001
review-loop-openmp14,sd_weighted_99,5,4,7.4999999999994,7.50000000000028,7.4999999999994
review-loop-openmp14,sd_weighted_99,6,4,7.7499999999997,8.25000000000031,7.75000000000059
review-loop-openmp14,mean_missing_20_remove_TRUE,1,64,0.71874999999999,0.890624999999978,0.875000000000015
review-loop-openmp14,mean_missing_20_remove_TRUE,2,64,0.79687500000003,0.843749999999976,0.859374999999996
review-loop-openmp14,mean_missing_20_remove_TRUE,3,64,0.703125000000027,0.890624999999978,0.875000000000015
review-loop-openmp14,mean_missing_20_remove_TRUE,4,64,0.671874999999988,0.843749999999976,0.875000000000015
review-loop-openmp14,mean_missing_20_remove_TRUE,5,64,0.703124999999971,0.937500000000036,0.875000000000015
review-loop-openmp14,mean_missing_20_remove_TRUE,6,64,0.703125000000027,0.968750000000018,0.875000000000015
review-loop-openmp14,mean_missing_99_remove_TRUE,1,16,2.99999999999989,3.50000000000006,3.56249999999991
review-loop-openmp14,mean_missing_99_remove_TRUE,2,16,3.1874999999999,3.50000000000006,3.50000000000006
review-loop-openmp14,mean_missing_99_remove_TRUE,3,16,3.06249999999997,3.56249999999991,3.50000000000006
review-loop-openmp14,mean_missing_99_remove_TRUE,4,16,3.06250000000019,3.50000000000006,3.50000000000006
review-loop-openmp14,mean_missing_99_remove_TRUE,5,16,3.06249999999997,3.56250000000014,3.49999999999984
review-loop-openmp14,mean_missing_99_remove_TRUE,6,16,3.24999999999998,3.56250000000014,3.56249999999991
review-loop-openmp14,min_missing_20_remove_FALSE,1,64,0.593750000000004,0.781250000000011,0.796874999999975
review-loop-openmp14,min_missing_20_remove_FALSE,2,64,0.703124999999971,0.812499999999994,0.828125000000013
review-loop-openmp14,min_missing_20_remove_FALSE,3,64,0.609374999999968,0.79687500000003,0.796874999999975
review-loop-openmp14,min_missing_20_remove_FALSE,4,64,0.609375000000023,0.79687500000003,0.812499999999994
review-loop-openmp14,min_missing_20_remove_FALSE,5,64,0.609374999999968,0.812499999999994,0.765624999999992
review-loop-openmp14,min_missing_20_remove_FALSE,6,64,0.624999999999987,0.796874999999975,0.781249999999956
review-loop-openmp14,min_missing_99_remove_FALSE,1,16,2.6250000000001,3.06249999999997,3.12500000000004
review-loop-openmp14,min_missing_99_remove_FALSE,2,16,2.5624999999998,3.1874999999999,3.12500000000004
review-loop-openmp14,min_missing_99_remove_FALSE,3,16,2.56250000000002,3.12500000000004,3.12500000000004
review-loop-openmp14,min_missing_99_remove_FALSE,4,16,2.49999999999995,3.00000000000011,3.06249999999997
review-loop-openmp14,min_missing_99_remove_FALSE,5,16,2.5624999999998,3.06249999999997,3.2500000000002
review-loop-openmp14,min_missing_99_remove_FALSE,6,16,2.62499999999966,3.06250000000041,3.12499999999982
review-loop-openmp14,max_missing_20_remove_FALSE,1,64,0.609375000000023,0.781250000000067,0.765625000000103
review-loop-openmp14,max_missing_20_remove_FALSE,2,64,0.609375000000023,0.781249999999956,0.765624999999992
review-loop-openmp14,max_missing_20_remove_FALSE,3,64,0.640625000000061,0.781250000000067,0.79687500000003
review-loop-openmp14,max_missing_20_remove_FALSE,4,64,0.593749999999948,0.828124999999957,0.765624999999992
review-loop-openmp14,max_missing_20_remove_FALSE,5,64,0.609374999999912,0.750000000000028,0.781249999999956
review-loop-openmp14,max_missing_20_remove_FALSE,6,64,0.609375000000023,0.79687500000003,0.781250000000067
review-loop-openmp14,max_missing_99_remove_FALSE,1,16,2.56250000000025,3.24999999999998,3.18749999999968
review-loop-openmp14,max_missing_99_remove_FALSE,2,16,2.56250000000025,3.31249999999983,3.12499999999982
review-loop-openmp14,max_missing_99_remove_FALSE,3,16,2.62499999999966,3.12499999999982,3.18750000000012
review-loop-openmp14,max_missing_99_remove_FALSE,4,16,2.56250000000025,3.12500000000027,3.37499999999968
review-loop-openmp14,max_missing_99_remove_FALSE,5,16,2.93749999999982,3.68749999999984,3.62499999999999
review-loop-openmp14,max_missing_99_remove_FALSE,6,16,2.74999999999981,3.31250000000027,3.56250000000014
review-loop-repeat-common1,mean_missing_20_remove_TRUE,1,8,4.12499999999999,5.25,5.24999999999999
review-loop-repeat-common1,mean_missing_20_remove_TRUE,2,8,4,5.12500000000002,5.12500000000002
review-loop-repeat-common1,mean_missing_20_remove_TRUE,3,8,4.12499999999999,5.25,5.12499999999999
review-loop-repeat-common1,mean_missing_20_remove_TRUE,4,8,4.12500000000002,5.12499999999999,5.12499999999999
review-loop-repeat-common1,mean_missing_20_remove_TRUE,5,8,4,5.12499999999999,5.12499999999999
review-loop-repeat-common1,mean_missing_20_remove_TRUE,6,8,4.12499999999999,5.12500000000002,5.25
review-loop-repeat-common1,mean_unweighted_1000_100k,1,64,0.656249999999997,0.703124999999999,0.750000000000001
review-loop-repeat-common1,mean_unweighted_1000_100k,2,64,0.687500000000001,0.703124999999999,0.750000000000001
review-loop-repeat-common1,mean_unweighted_1000_100k,3,64,0.687500000000001,0.718749999999997,0.765624999999999
review-loop-repeat-common1,mean_unweighted_1000_100k,4,64,0.671875000000002,0.687500000000001,0.750000000000001
review-loop-repeat-common1,mean_unweighted_1000_100k,5,64,0.671874999999995,0.687500000000001,0.749999999999994
review-loop-repeat-common1,mean_unweighted_1000_100k,6,64,0.671875000000002,0.703124999999999,0.765624999999999
review-loop-repeat-dispatch1,mean_rolling_width_1000,1,64,,0.703125000000001,0.734375000000001
review-loop-repeat-dispatch1,mean_rolling_width_1000,2,64,,0.703125000000001,0.734374999999999
review-loop-repeat-dispatch1,mean_rolling_width_1000,3,64,,0.687499999999999,0.750000000000001
review-loop-repeat-dispatch1,mean_rolling_width_1000,4,64,,0.687500000000001,0.718749999999999
review-loop-repeat-dispatch1,mean_rolling_width_1000,5,64,,0.718750000000001,0.718750000000001
review-loop-repeat-dispatch1,mean_rolling_width_1000,6,64,,0.703124999999999,0.718750000000001
review-loop-repeat-dispatch1,mean_rolling_width_1000,7,64,,0.703124999999999,0.750000000000001
review-loop-repeat-dispatch1,sum_weighted_1000000_normalize_TRUE,1,16,,3.18750000000001,3.375
review-loop-repeat-dispatch1,sum_weighted_1000000_normalize_TRUE,2,16,,3.375,3.3125
review-loop-repeat-dispatch1,sum_weighted_1000000_normalize_TRUE,3,16,,3.0625,3.25
review-loop-repeat-dispatch1,sum_weighted_1000000_normalize_TRUE,4,16,,3.0625,3.25
review-loop-repeat-dispatch1,sum_weighted_1000000_normalize_TRUE,5,16,,3.0625,3.24999999999998
review-loop-repeat-dispatch1,sum_weighted_1000000_normalize_TRUE,6,16,,3.12499999999999,3.25
review-loop-repeat-dispatch1,sum_weighted_1000000_normalize_TRUE,7,16,,3.12499999999999,3.3125
review-loop-repeat-dispatch1,mean_weighted_1000000_normalize_TRUE,1,16,,3.06250000000002,3.18750000000001
review-loop-repeat-dispatch1,mean_weighted_1000000_normalize_TRUE,2,16,,3.06250000000002,3.3125
review-loop-repeat-dispatch1,mean_weighted_1000000_normalize_TRUE,3,16,,3.12499999999999,3.25
review-loop-repeat-dispatch1,mean_weighted_1000000_normalize_TRUE,4,16,,3.12499999999999,3.24999999999998
review-loop-repeat-dispatch1,mean_weighted_1000000_normalize_TRUE,5,16,,3.0625,3.25
review-loop-repeat-dispatch1,mean_weighted_1000000_normalize_TRUE,6,16,,3.12500000000002,3.25
review-loop-repeat-dispatch1,mean_weighted_1000000_normalize_TRUE,7,16,,3.0625,3.25
review-loop-repeat-dispatch1,var_weighted_1000000_normalize_TRUE,1,8,,5.12500000000005,5.37500000000002
review-loop-repeat-dispatch1,var_weighted_1000000_normalize_TRUE,2,8,,5.24999999999998,5.37499999999996
review-loop-repeat-dispatch1,var_weighted_1000000_normalize_TRUE,3,8,,5.12499999999999,5.24999999999998
review-loop-repeat-dispatch1,var_weighted_1000000_normalize_TRUE,4,8,,5.24999999999998,5.37500000000002
review-loop-repeat-dispatch1,var_weighted_1000000_normalize_TRUE,5,8,,5.24999999999998,5.37500000000002
review-loop-repeat-dispatch1,var_weighted_1000000_normalize_TRUE,6,8,,5.24999999999998,5.37500000000002
review-loop-repeat-dispatch1,var_weighted_1000000_normalize_TRUE,7,8,,5.12500000000005,5.49999999999995
review-loop-repeat-common2,mean_missing_20_remove_TRUE,1,8,4.125,5,5.12499999999999
review-loop-repeat-common2,mean_missing_20_remove_TRUE,2,8,4.12500000000002,5.125,5.62499999999999
review-loop-repeat-common2,mean_missing_20_remove_TRUE,3,8,4.12500000000002,5.25,5.25
review-loop-repeat-common2,mean_missing_20_remove_TRUE,4,8,4.12499999999999,5,5.12499999999999
review-loop-repeat-common2,mean_missing_20_remove_TRUE,5,8,4.12499999999999,5.12500000000002,5.25
review-loop-repeat-common2,mean_missing_20_remove_TRUE,6,8,3.99999999999998,5.12500000000002,5.12499999999999
review-loop-repeat-common2,mean_unweighted_1000_100k,1,64,0.671874999999999,0.734375000000002,0.718749999999997
review-loop-repeat-common2,mean_unweighted_1000_100k,2,64,0.703124999999999,0.703124999999999,0.718749999999997
review-loop-repeat-common2,mean_unweighted_1000_100k,3,64,0.671875000000002,0.703124999999999,0.734374999999995
review-loop-repeat-common2,mean_unweighted_1000_100k,4,64,0.687499999999994,0.718750000000004,0.718749999999997
review-loop-repeat-common2,mean_unweighted_1000_100k,5,64,0.671874999999995,0.703124999999999,0.734374999999995
review-loop-repeat-common2,mean_unweighted_1000_100k,6,64,0.671874999999995,0.687500000000001,0.734375000000002
review-loop-repeat-dispatch2,mean_rolling_width_1000,1,64,,0.734375000000001,0.750000000000001
review-loop-repeat-dispatch2,mean_rolling_width_1000,2,64,,0.734375000000001,0.749999999999999
review-loop-repeat-dispatch2,mean_rolling_width_1000,3,64,,0.734374999999999,0.750000000000001
review-loop-repeat-dispatch2,mean_rolling_width_1000,4,64,,0.718749999999999,0.749999999999999
review-loop-repeat-dispatch2,mean_rolling_width_1000,5,64,,0.718750000000001,0.750000000000001
review-loop-repeat-dispatch2,mean_rolling_width_1000,6,64,,0.734375000000002,0.750000000000001
review-loop-repeat-dispatch2,mean_rolling_width_1000,7,64,,0.749999999999997,0.750000000000001
review-loop-repeat-dispatch2,sum_weighted_1000000_normalize_TRUE,1,16,,3,3.18750000000001
review-loop-repeat-dispatch2,sum_weighted_1000000_normalize_TRUE,2,16,,3.0625,3.18750000000001
review-loop-repeat-dispatch2,sum_weighted_1000000_normalize_TRUE,3,16,,3.06250000000001,3.1875
review-loop-repeat-dispatch2,sum_weighted_1000000_normalize_TRUE,4,16,,3.0625,3.18750000000001
review-loop-repeat-dispatch2,sum_weighted_1000000_normalize_TRUE,5,16,,3.0625,3.18750000000001
review-loop-repeat-dispatch2,sum_weighted_1000000_normalize_TRUE,6,16,,3.0625,3.18750000000001
review-loop-repeat-dispatch2,sum_weighted_1000000_normalize_TRUE,7,16,,3.06250000000002,3.18749999999998
review-loop-repeat-dispatch2,mean_weighted_1000000_normalize_TRUE,1,16,,3.0625,3.25
review-loop-repeat-dispatch2,mean_weighted_1000000_normalize_TRUE,2,16,,3.12500000000002,3.3125
review-loop-repeat-dispatch2,mean_weighted_1000000_normalize_TRUE,3,16,,3.12499999999999,3.25
review-loop-repeat-dispatch2,mean_weighted_1000000_normalize_TRUE,4,16,,3.12499999999999,3.18749999999998
review-loop-repeat-dispatch2,mean_weighted_1000000_normalize_TRUE,5,16,,3.0625,3.25
review-loop-repeat-dispatch2,mean_weighted_1000000_normalize_TRUE,6,16,,3.06250000000002,3.25
review-loop-repeat-dispatch2,mean_weighted_1000000_normalize_TRUE,7,16,,3.0625,3.18750000000001
review-loop-repeat-dispatch2,var_weighted_1000000_normalize_TRUE,1,8,,5.24999999999998,5.37499999999996
review-loop-repeat-dispatch2,var_weighted_1000000_normalize_TRUE,2,8,,5.12499999999999,5.24999999999998
review-loop-repeat-dispatch2,var_weighted_1000000_normalize_TRUE,3,8,,5.25000000000003,5.37499999999996
review-loop-repeat-dispatch2,var_weighted_1000000_normalize_TRUE,4,8,,5.24999999999998,5.49999999999995
review-loop-repeat-dispatch2,var_weighted_1000000_normalize_TRUE,5,8,,5.25000000000009,5.37500000000002
review-loop-repeat-dispatch2,var_weighted_1000000_normalize_TRUE,6,8,,5.24999999999998,5.37500000000002
review-loop-repeat-dispatch2,var_weighted_1000000_normalize_TRUE,7,8,,5.24999999999998,5.24999999999998
